year,campaign,sample_id,date,rwc_class,rwc_interval,gmin_mean,gmin_min,gmin_max
2023,1,FASY_01,13.06.2023,rwc_class_90,90+,4.350483002,4.355798572,4.345167432
2023,1,FASY_01,13.06.2023,rwc_class_80_90,80-90,4.077491923,4.086041297,4.068942549
2023,1,FASY_01,13.06.2023,rwc_class_standard,standard,3.835937518,3.847946631,3.823928406
2023,1,FASY_01,13.06.2023,rwc_class_tlp,rwc_tlp_90,3.806136637,3.81744186,3.794831415
2023,1,FASY_01,13.06.2023,rwc_class_70_80,70-80,3.770046309,3.777406577,3.76268604
2023,1,FASY_01,13.06.2023,rwc_class_65_70,65-70,3.566977148,3.571496774,3.562457523
2023,1,FASY_02,13.06.2023,rwc_class_90,90+,1.966835417,1.97058065,1.963090184
2023,1,FASY_02,13.06.2023,rwc_class_tlp,rwc_tlp_90,1.696963537,1.699369628,1.694557446
2023,1,FASY_02,13.06.2023,rwc_class_80_90,80-90,1.774576315,1.777572387,1.771580244
2023,1,FASY_02,13.06.2023,rwc_class_standard,standard,1.695847382,1.69820875,1.693486014
2023,1,FASY_02,13.06.2023,rwc_class_70_80,70-80,1.666631263,1.667586218,1.665676309
2023,1,FASY_02,13.06.2023,rwc_class_65_70,65-70,1.653292591,1.653292591,1.653292591
2023,1,FASY_03,13.06.2023,rwc_class_90,90+,3.432614212,3.444218611,3.421009814
2023,1,FASY_03,13.06.2023,rwc_class_tlp,rwc_tlp_90,2.596248465,2.606043156,2.586453773
2023,1,FASY_03,13.06.2023,rwc_class_80_90,80-90,2.832019151,2.844236326,2.819801977
2023,1,FASY_03,13.06.2023,rwc_class_standard,standard,2.566209263,2.574549418,2.557869108
2023,1,FASY_03,13.06.2023,rwc_class_70_80,70-80,2.487644661,2.490886178,2.484403144
2023,1,FASY_03,13.06.2023,rwc_class_65_70,65-70,2.414450294,2.415017456,2.413883131
2023,1,FASY_04,13.06.2023,rwc_class_90,90+,3.521882719,3.525467318,3.51829812
2023,1,FASY_04,13.06.2023,rwc_class_80_90,80-90,3.33419881,3.340374376,3.328023244
2023,1,FASY_04,13.06.2023,rwc_class_standard,standard,3.162623299,3.171665257,3.153581341
2023,1,FASY_04,13.06.2023,rwc_class_tlp,rwc_tlp_90,3.144242504,3.152863579,3.135621429
2023,1,FASY_04,13.06.2023,rwc_class_70_80,70-80,3.113024281,3.118571733,3.107476829
2023,1,FASY_04,13.06.2023,rwc_class_65_70,65-70,2.965047545,2.968609466,2.961485623
2023,1,FREX_05,13.06.2023,rwc_class_90,90+,2.907930887,2.956063994,2.85979778
2023,1,FREX_05,13.06.2023,rwc_class_80_90,80-90,0.746373962,0.756662485,0.73608544
2023,1,FREX_05,13.06.2023,rwc_class_standard,standard,0.632374813,0.63420204,0.630547587
2023,1,FREX_05,13.06.2023,rwc_class_tlp,rwc_tlp_90,0.614014909,0.61403534,0.613994478
2023,1,FREX_05,13.06.2023,rwc_class_70_80,70-80,0.61385001,0.613851032,0.613848988
2023,1,FREX_05,13.06.2023,rwc_class_65_70,65-70,0.613845396,0.613845396,0.613845396
2023,1,FREX_06,13.06.2023,rwc_class_90,90+,2.72332445,2.833017088,2.613631813
2023,1,FREX_06,13.06.2023,rwc_class_80_90,80-90,0.940236282,0.947388951,0.933083612
2023,1,FREX_06,13.06.2023,rwc_class_standard,standard,0.784400053,0.786735577,0.782064529
2023,1,FREX_06,13.06.2023,rwc_class_70_80,70-80,0.749383822,0.749388045,0.749379598
2023,1,FREX_06,13.06.2023,rwc_class_tlp,rwc_tlp_90,0.74937056,0.74937056,0.74937056
2023,1,FREX_06,13.06.2023,rwc_class_65_70,65-70,0.74937056,0.74937056,0.74937056
2023,1,FREX_07,13.06.2023,rwc_class_90,90+,14.01590053,14.33377468,13.69802637
2023,1,FREX_07,13.06.2023,rwc_class_80_90,80-90,6.501214419,6.735994558,6.26643428
2023,1,FREX_07,13.06.2023,rwc_class_standard,standard,1.5261087,1.568301853,1.483915548
2023,1,FREX_07,13.06.2023,rwc_class_tlp,rwc_tlp_90,1.444557734,1.479268248,1.40984722
2023,1,FREX_07,13.06.2023,rwc_class_70_80,70-80,1.572266379,1.602513982,1.542018776
2023,1,FREX_07,13.06.2023,rwc_class_65_70,65-70,0.983515708,0.986556472,0.980474945
2023,1,FREX_08,13.06.2023,rwc_class_90,90+,14.77870932,15.47368174,14.08373689
2023,1,FREX_08,13.06.2023,rwc_class_80_90,80-90,1.326569236,1.338900991,1.31423748
2023,1,FREX_08,13.06.2023,rwc_class_standard,standard,1.217277063,1.219590471,1.214963655
2023,1,FREX_08,13.06.2023,rwc_class_70_80,70-80,1.194751267,1.195883556,1.193618979
2023,1,FREX_08,13.06.2023,rwc_class_tlp,rwc_tlp_90,1.180820035,1.180875261,1.18076481
2023,1,FREX_08,13.06.2023,rwc_class_65_70,65-70,1.180544954,1.180544954,1.180544954
2023,2,FASY_01,19.07.2023,rwc_class_90,90+,2.832528912,2.837275556,2.827782268
2023,2,FASY_01,19.07.2023,rwc_class_tlp,rwc_tlp_90,2.44963641,2.457962124,2.441310696
2023,2,FASY_01,19.07.2023,rwc_class_80_90,80-90,2.577997125,2.584597398,2.571396853
2023,2,FASY_01,19.07.2023,rwc_class_standard,standard,2.40752907,2.414534316,2.400523824
2023,2,FASY_01,19.07.2023,rwc_class_70_80,70-80,2.35751008,2.36132496,2.353695199
2023,2,FASY_01,19.07.2023,rwc_class_65_70,65-70,2.254752303,2.256425038,2.253079568
2023,2,FASY_02,19.07.2023,rwc_class_90,90+,2.424172324,2.432554351,2.415790297
2023,2,FASY_02,19.07.2023,rwc_class_tlp,rwc_tlp_90,2.046545388,2.047961685,2.045129091
2023,2,FASY_02,19.07.2023,rwc_class_80_90,80-90,2.059713977,2.063629566,2.055798387
2023,2,FASY_02,19.07.2023,rwc_class_standard,standard,2.041766922,2.042885298,2.040648546
2023,2,FASY_02,19.07.2023,rwc_class_70_80,70-80,2.042145241,2.043829367,2.040461114
2023,2,FASY_02,19.07.2023,rwc_class_65_70,65-70,2.069839118,2.069839118,2.069839118
2023,2,FASY_03,19.07.2023,rwc_class_90,90+,3.8691124,3.8862533,3.8519715
2023,2,FASY_03,19.07.2023,rwc_class_80_90,80-90,2.768546406,2.778203044,2.758889769
2023,2,FASY_03,19.07.2023,rwc_class_standard,standard,2.645250333,2.647838945,2.642661722
2023,2,FASY_03,19.07.2023,rwc_class_tlp,rwc_tlp_90,2.633058715,2.634712332,2.631405099
2023,2,FASY_03,19.07.2023,rwc_class_70_80,70-80,2.616483047,2.616483047,2.616483047
2023,2,FASY_03,19.07.2023,rwc_class_65_70,65-70,2.616483047,2.616483047,2.616483047
2023,2,FASY_04,19.07.2023,rwc_class_90,90+,2.393660161,2.399638912,2.387681409
2023,2,FASY_04,19.07.2023,rwc_class_tlp,rwc_tlp_90,2.001855532,2.007890062,1.995821001
2023,2,FASY_04,19.07.2023,rwc_class_80_90,80-90,2.107736848,2.113800086,2.101673611
2023,2,FASY_04,19.07.2023,rwc_class_standard,standard,1.975570076,1.980443887,1.970696265
2023,2,FASY_04,19.07.2023,rwc_class_70_80,70-80,1.934750349,1.937029344,1.932471355
2023,2,FASY_04,19.07.2023,rwc_class_65_70,65-70,1.880794547,1.881380143,1.880208951
2023,2,FREX_05,19.07.2023,rwc_class_90,90+,2.916593521,2.932034618,2.901152424
2023,2,FREX_05,19.07.2023,rwc_class_tlp,rwc_tlp_90,1.428908495,1.437008241,1.420808749
2023,2,FREX_05,19.07.2023,rwc_class_80_90,80-90,1.716473741,1.73465601,1.698291472
2023,2,FREX_05,19.07.2023,rwc_class_standard,standard,1.399577045,1.40572417,1.39342992
2023,2,FREX_05,19.07.2023,rwc_class_70_80,70-80,1.326710375,1.327279778,1.326140971
2023,2,FREX_05,19.07.2023,rwc_class_65_70,65-70,1.321459902,1.321459902,1.321459902
2023,2,FREX_06,19.07.2023,rwc_class_90,90+,4.079402109,4.154673936,4.004130282
2023,2,FREX_06,19.07.2023,rwc_class_tlp,rwc_tlp_90,1.645887777,1.667685651,1.624089904
2023,2,FREX_06,19.07.2023,rwc_class_80_90,80-90,2.762748569,2.865271337,2.6602258
2023,2,FREX_06,19.07.2023,rwc_class_standard,standard,1.609778359,1.62858671,1.590970007
2023,2,FREX_06,19.07.2023,rwc_class_70_80,70-80,1.545373198,1.556946287,1.533800109
2023,2,FREX_06,19.07.2023,rwc_class_65_70,65-70,1.286026766,1.286026766,1.286026766
2023,2,FREX_07,19.07.2023,rwc_class_90,90+,3.01394653,3.055207668,2.972685392
2023,2,FREX_07,19.07.2023,rwc_class_tlp,rwc_tlp_90,1.247523322,1.251686163,1.243360482
2023,2,FREX_07,19.07.2023,rwc_class_80_90,80-90,1.419155433,1.429933861,1.408377006
2023,2,FREX_07,19.07.2023,rwc_class_standard,standard,1.235397576,1.23871333,1.232081822
2023,2,FREX_07,19.07.2023,rwc_class_70_80,70-80,1.192122457,1.192165905,1.192079008
2023,2,FREX_07,19.07.2023,rwc_class_65_70,65-70,1.191903197,1.191903197,1.191903197
2023,2,FREX_08,19.07.2023,rwc_class_90,90+,3.107145156,3.130950396,3.083339917
2023,2,FREX_08,19.07.2023,rwc_class_tlp,rwc_tlp_90,2.043003077,2.050823384,2.03518277
2023,2,FREX_08,19.07.2023,rwc_class_80_90,80-90,2.224713958,2.233988238,2.215439678
2023,2,FREX_08,19.07.2023,rwc_class_standard,standard,2.011229468,2.017469033,2.004989903
2023,2,FREX_08,19.07.2023,rwc_class_70_80,70-80,1.946123586,1.949321818,1.942925353
2023,2,FREX_08,19.07.2023,rwc_class_65_70,65-70,1.889686385,1.889686385,1.889686385
2023,3,FASY_01,11.08.2023,rwc_class_90,90+,3.240556435,3.243209411,3.237903459
2023,3,FASY_01,11.08.2023,rwc_class_80_90,80-90,3.077512421,3.082222732,3.07280211
2023,3,FASY_01,11.08.2023,rwc_class_standard,standard,2.913920955,2.921341301,2.906500609
2023,3,FASY_01,11.08.2023,rwc_class_tlp,rwc_tlp_90,2.886988612,2.893939614,2.880037609
2023,3,FASY_01,11.08.2023,rwc_class_70_80,70-80,2.866793459,2.871565372,2.862021546
2023,3,FASY_01,11.08.2023,rwc_class_65_70,65-70,2.724452077,2.726937807,2.721966348
2023,3,FASY_02,11.08.2023,rwc_class_90,90+,3.085040013,3.089270392,3.080809633
2023,3,FASY_02,11.08.2023,rwc_class_tlp,rwc_tlp_90,2.599789517,2.61002131,2.589557723
2023,3,FASY_02,11.08.2023,rwc_class_80_90,80-90,2.830137806,2.837176444,2.823099169
2023,3,FASY_02,11.08.2023,rwc_class_standard,standard,2.588483843,2.598493331,2.578474354
2023,3,FASY_02,11.08.2023,rwc_class_70_80,70-80,2.52697115,2.533222118,2.520720182
2023,3,FASY_02,11.08.2023,rwc_class_65_70,65-70,2.33377317,2.336969082,2.330577258
2023,3,FASY_03,11.08.2023,rwc_class_90,90+,8.127780714,8.145509598,8.11005183
2023,3,FASY_03,11.08.2023,rwc_class_80_90,80-90,7.2113454,7.244880435,7.177810364
2023,3,FASY_03,11.08.2023,rwc_class_standard,standard,6.083291591,6.138598964,6.027984218
2023,3,FASY_03,11.08.2023,rwc_class_tlp,rwc_tlp_90,6.068880126,6.123917209,6.013843044
2023,3,FASY_03,11.08.2023,rwc_class_70_80,70-80,5.925010613,5.960773918,5.889247308
2023,3,FASY_03,11.08.2023,rwc_class_65_70,65-70,4.87501547,4.899602107,4.850428833
2023,3,FASY_04,11.08.2023,rwc_class_90,90+,4.29334252,4.299831458,4.286853582
2023,3,FASY_04,11.08.2023,rwc_class_tlp,rwc_tlp_90,3.532526377,3.557636615,3.507416138
2023,3,FASY_04,11.08.2023,rwc_class_80_90,80-90,3.953040404,3.966856887,3.93922392
2023,3,FASY_04,11.08.2023,rwc_class_standard,standard,3.509231801,3.534012587,3.484451015
2023,3,FASY_04,11.08.2023,rwc_class_70_80,70-80,3.424955205,3.44129349,3.40861692
2023,3,FASY_04,11.08.2023,rwc_class_65_70,65-70,2.973595824,2.98548231,2.961709339
2023,3,FREX_05,11.08.2023,rwc_class_90,90+,5.788278436,5.860387638,5.716169234
2023,3,FREX_05,11.08.2023,rwc_class_tlp,rwc_tlp_90,1.515235722,1.524313947,1.506157496
2023,3,FREX_05,11.08.2023,rwc_class_80_90,80-90,1.841890182,1.87787175,1.805908613
2023,3,FREX_05,11.08.2023,rwc_class_standard,standard,1.485208693,1.49138156,1.479035827
2023,3,FREX_05,11.08.2023,rwc_class_70_80,70-80,1.43368085,1.433808964,1.433552737
2023,3,FREX_05,11.08.2023,rwc_class_65_70,65-70,1.435539202,1.435539202,1.435539202
2023,3,FREX_06,11.08.2023,rwc_class_90,90+,4.775217208,4.808786094,4.741648323
2023,3,FREX_06,11.08.2023,rwc_class_80_90,80-90,2.516650053,2.559827324,2.473472782
2023,3,FREX_06,11.08.2023,rwc_class_standard,standard,1.630984844,1.64490897,1.617060719
2023,3,FREX_06,11.08.2023,rwc_class_tlp,rwc_tlp_90,1.623323441,1.636728182,1.609918699
2023,3,FREX_06,11.08.2023,rwc_class_70_80,70-80,1.486654966,1.489801931,1.483508001
2023,3,FREX_06,11.08.2023,rwc_class_65_70,65-70,1.44262018,1.44262018,1.44262018
2023,3,FREX_07,11.08.2023,rwc_class_90,90+,6.52591816,6.685630923,6.366205397
2023,3,FREX_07,11.08.2023,rwc_class_tlp,rwc_tlp_90,3.315331165,3.339663694,3.290998635
2023,3,FREX_07,11.08.2023,rwc_class_80_90,80-90,3.939768182,3.961569508,3.917966856
2023,3,FREX_07,11.08.2023,rwc_class_standard,standard,3.30897542,3.333081552,3.284869288
2023,3,FREX_07,11.08.2023,rwc_class_70_80,70-80,3.181669068,3.194971783,3.168366353
2023,3,FREX_07,11.08.2023,rwc_class_65_70,65-70,2.774434578,2.782200695,2.766668461
2023,3,FREX_08,11.08.2023,rwc_class_90,90+,1.448632397,1.458127205,1.439137588
2023,3,FREX_08,11.08.2023,rwc_class_80_90,80-90,0.827558224,0.832390402,0.822726046
2023,3,FREX_08,11.08.2023,rwc_class_standard,standard,0.756297451,0.757606829,0.754988072
2023,3,FREX_08,11.08.2023,rwc_class_tlp,rwc_tlp_90,0.751795056,0.752781551,0.750808561
2023,3,FREX_08,11.08.2023,rwc_class_70_80,70-80,0.740041184,0.74004125,0.740041117
2023,3,FREX_08,11.08.2023,rwc_class_65_70,65-70,0.74004105,0.74004105,0.74004105
2023,4,FASY_01,18.09.2023,rwc_class_90,90+,4.795156395,4.799405028,4.790907762
2023,4,FASY_01,18.09.2023,rwc_class_80_90,80-90,4.55462343,4.563471509,4.545775351
2023,4,FASY_01,18.09.2023,rwc_class_standard,standard,4.291532121,4.304630486,4.278433756
2023,4,FASY_01,18.09.2023,rwc_class_tlp,rwc_tlp_90,4.291532121,4.304630486,4.278433756
2023,4,FASY_01,18.09.2023,rwc_class_70_80,70-80,4.217871044,4.226010241,4.209731847
2023,4,FASY_01,18.09.2023,rwc_class_65_70,65-70,3.992216438,3.997082721,3.987350155
2023,4,FASY_02,18.09.2023,rwc_class_90,90+,2.075424312,2.077230463,2.073618161
2023,4,FASY_02,18.09.2023,rwc_class_tlp,rwc_tlp_90,1.852091555,1.857184063,1.846999047
2023,4,FASY_02,18.09.2023,rwc_class_80_90,80-90,1.959310905,1.962956226,1.955665584
2023,4,FASY_02,18.09.2023,rwc_class_standard,standard,1.845674311,1.850631237,1.840717385
2023,4,FASY_02,18.09.2023,rwc_class_70_80,70-80,1.812867101,1.815870548,1.809863655
2023,4,FASY_02,18.09.2023,rwc_class_65_70,65-70,1.722510064,1.724203315,1.720816813
2023,4,FASY_03,18.09.2023,rwc_class_90,90+,4.920309004,4.927681182,4.912936826
2023,4,FASY_03,18.09.2023,rwc_class_tlp,rwc_tlp_90,3.973562197,4.000536249,3.946588145
2023,4,FASY_03,18.09.2023,rwc_class_80_90,80-90,4.472041563,4.487113943,4.456969183
2023,4,FASY_03,18.09.2023,rwc_class_standard,standard,3.896755512,3.922698568,3.870812456
2023,4,FASY_03,18.09.2023,rwc_class_70_80,70-80,3.798447348,3.815514243,3.781380452
2023,4,FASY_03,18.09.2023,rwc_class_65_70,65-70,3.250117258,3.261467678,3.238766838
2023,4,FASY_04,18.09.2023,rwc_class_90,90+,3.506533938,3.508733288,3.504334589
2023,4,FASY_04,18.09.2023,rwc_class_80_90,80-90,3.371877686,3.376426965,3.367328407
2023,4,FASY_04,18.09.2023,rwc_class_standard,standard,3.219524283,3.227330926,3.21171764
2023,4,FASY_04,18.09.2023,rwc_class_tlp,rwc_tlp_90,3.213012131,3.220733428,3.205290834
2023,4,FASY_04,18.09.2023,rwc_class_70_80,70-80,3.177443172,3.182565018,3.172321325
2023,4,FASY_04,18.09.2023,rwc_class_65_70,65-70,3.021601,3.025199226,3.018002774
2023,4,FREX_05,18.09.2023,rwc_class_90,90+,13.03145229,13.25633891,12.80656567
2023,4,FREX_05,18.09.2023,rwc_class_80_90,80-90,7.514115146,7.641720472,7.386509821
2023,4,FREX_05,18.09.2023,rwc_class_standard,standard,5.308393138,5.38969201,5.227094266
2023,4,FREX_05,18.09.2023,rwc_class_tlp,rwc_tlp_90,5.223711313,5.300909968,5.146512659
2023,4,FREX_05,18.09.2023,rwc_class_70_80,70-80,5.342372539,5.383812305,5.300932773
2023,4,FREX_05,18.09.2023,rwc_class_65_70,65-70,3.549434277,3.592035692,3.506832863
2023,4,FREX_06,18.09.2023,rwc_class_90,90+,6.546898492,6.657320069,6.436476915
2023,4,FREX_06,18.09.2023,rwc_class_80_90,80-90,3.513367969,3.562424124,3.464311813
2023,4,FREX_06,18.09.2023,rwc_class_standard,standard,2.725855137,2.746022779,2.705687495
2023,4,FREX_06,18.09.2023,rwc_class_tlp,rwc_tlp_90,2.712171987,2.731239582,2.693104393
2023,4,FREX_06,18.09.2023,rwc_class_70_80,70-80,2.574419981,2.576704163,2.5721358
2023,4,FREX_06,18.09.2023,rwc_class_65_70,65-70,2.393892857,2.400444882,2.387340832
2023,4,FREX_07,18.09.2023,rwc_class_90,90+,7.298115138,7.442585931,7.153644345
2023,4,FREX_07,18.09.2023,rwc_class_80_90,80-90,3.791578967,3.8308,3.752357933
2023,4,FREX_07,18.09.2023,rwc_class_standard,standard,3.214859111,3.232187495,3.197530726
2023,4,FREX_07,18.09.2023,rwc_class_tlp,rwc_tlp_90,3.184296334,3.199245393,3.169347274
2023,4,FREX_07,18.09.2023,rwc_class_70_80,70-80,3.090080158,3.094964351,3.085195965
2023,4,FREX_07,18.09.2023,rwc_class_65_70,65-70,2.897054327,2.901568039,2.892540615
2023,4,FREX_08,18.09.2023,rwc_class_90,90+,12.48550498,12.8015456,12.16946435
2023,4,FREX_08,18.09.2023,rwc_class_80_90,80-90,5.695682389,5.771177379,5.620187398
2023,4,FREX_08,18.09.2023,rwc_class_standard,standard,6.128225318,6.156112642,6.100337994
2023,4,FREX_08,18.09.2023,rwc_class_tlp,rwc_tlp_90,6.12822829,6.158809808,6.097646771
2023,4,FREX_08,18.09.2023,rwc_class_70_80,70-80,6.676602775,6.688920951,6.664284599
2023,4,FREX_08,18.09.2023,rwc_class_65_70,65-70,5.405910589,5.47003113,5.341790048
2024,1,FREX_05,28.05.2024,rwc_class_90,90+,8.604907331,8.920904355,8.288910308
2024,1,FREX_05,28.05.2024,rwc_class_80_90,80-90,2.431817298,2.444143819,2.419490778
2024,1,FREX_05,28.05.2024,rwc_class_standard,standard,1.79829059,1.809125175,1.787456005
2024,1,FREX_05,28.05.2024,rwc_class_tlp,rwc_tlp_90,1.690641394,1.69833078,1.682952008
2024,1,FREX_05,28.05.2024,rwc_class_70_80,70-80,1.675418329,1.681879134,1.668957524
2024,1,FREX_05,28.05.2024,rwc_class_65_70,65-70,1.498732057,1.49888285,1.498581264
2024,1,FREX_06,28.05.2024,rwc_class_90,90+,2.303119947,2.364586829,2.241653066
2024,1,FREX_06,28.05.2024,rwc_class_80_90,80-90,1.36365542,1.36766699,1.359643851
2024,1,FREX_06,28.05.2024,rwc_class_standard,standard,1.212292251,1.214683491,1.20990101
2024,1,FREX_06,28.05.2024,rwc_class_70_80,70-80,1.164437831,1.16465934,1.164216322
2024,1,FREX_06,28.05.2024,rwc_class_65_70,65-70,1.162095885,1.162095885,1.162095885
2024,1,FREX_06,28.05.2024,rwc_class_tlp,rwc_tlp_90,1.162095885,1.162095885,1.162095885
2024,1,FREX_07,28.05.2024,rwc_class_90,90+,6.34287739,6.466804244,6.218950537
2024,1,FREX_07,28.05.2024,rwc_class_80_90,80-90,3.551102932,3.57055179,3.531654075
2024,1,FREX_07,28.05.2024,rwc_class_standard,standard,2.575843912,2.596572294,2.55511553
2024,1,FREX_07,28.05.2024,rwc_class_tlp,rwc_tlp_90,2.457061026,2.47516244,2.438959613
2024,1,FREX_07,28.05.2024,rwc_class_70_80,70-80,2.476712817,2.488570217,2.464855417
2024,1,FREX_07,28.05.2024,rwc_class_65_70,65-70,1.902943147,1.906304493,1.899581802
2024,1,FREX_08,28.05.2024,rwc_class_90,90+,3.531659946,3.564331664,3.498988228
2024,1,FREX_08,28.05.2024,rwc_class_80_90,80-90,2.445249802,2.450628306,2.439871297
2024,1,FREX_08,28.05.2024,rwc_class_standard,standard,2.240907598,2.245669962,2.236145234
2024,1,FREX_08,28.05.2024,rwc_class_70_80,70-80,2.173069236,2.175628418,2.170510054
2024,1,FREX_08,28.05.2024,rwc_class_tlp,rwc_tlp_90,2.135998814,2.137459494,2.134538135
2024,1,FREX_08,28.05.2024,rwc_class_65_70,65-70,2.113059221,2.113060487,2.113057955
2024,1,FASY_01,28.05.2024,rwc_class_90,90+,8.056303443,8.061667276,8.05093961
2024,1,FASY_01,28.05.2024,rwc_class_tlp,rwc_tlp_90,7.441229126,7.462581351,7.419876901
2024,1,FASY_01,28.05.2024,rwc_class_80_90,80-90,7.746701293,7.758245684,7.735156901
2024,1,FASY_01,28.05.2024,rwc_class_standard,standard,7.360391132,7.38097033,7.339811934
2024,1,FASY_01,28.05.2024,rwc_class_70_80,70-80,7.257717089,7.271232881,7.244201296
2024,1,FASY_01,28.05.2024,rwc_class_65_70,65-70,6.851308643,6.861135462,6.841481824
2024,1,FASY_02,28.05.2024,rwc_class_90,90+,5.439825795,5.445270959,5.434380632
2024,1,FASY_02,28.05.2024,rwc_class_80_90,80-90,5.085470846,5.096281446,5.074660245
2024,1,FASY_02,28.05.2024,rwc_class_standard,standard,4.717837953,4.733347184,4.702328721
2024,1,FASY_02,28.05.2024,rwc_class_tlp,rwc_tlp_90,4.695362954,4.710436757,4.680289152
2024,1,FASY_02,28.05.2024,rwc_class_70_80,70-80,4.620272891,4.629894043,4.610651738
2024,1,FASY_02,28.05.2024,rwc_class_65_70,65-70,4.312198018,4.317851992,4.306544043
2024,1,FASY_03,28.05.2024,rwc_class_90,90+,5.520588153,5.525237873,5.515938433
2024,1,FASY_03,28.05.2024,rwc_class_80_90,80-90,5.240445845,5.249991196,5.230900494
2024,1,FASY_03,28.05.2024,rwc_class_standard,standard,4.872553822,4.891482352,4.853625291
2024,1,FASY_03,28.05.2024,rwc_class_tlp,rwc_tlp_90,4.868330086,4.887230086,4.849430086
2024,1,FASY_03,28.05.2024,rwc_class_70_80,70-80,4.791948724,4.804497486,4.779399962
2024,1,FASY_03,28.05.2024,rwc_class_65_70,65-70,4.350696273,4.362045772,4.339346774
2024,1,FASY_04,28.05.2024,rwc_class_90,90+,2.349965175,2.351048628,2.348881721
2024,1,FASY_04,28.05.2024,rwc_class_tlp,rwc_tlp_90,2.287763724,2.288192629,2.287334818
2024,1,FASY_04,28.05.2024,rwc_class_80_90,80-90,2.297835569,2.298454556,2.297216582
2024,1,FASY_04,28.05.2024,rwc_class_standard,standard,2.286057098,2.286405513,2.285708684
2024,1,FASY_04,28.05.2024,rwc_class_70_80,70-80,2.27859,2.278699355,2.278480645
2024,1,FASY_04,28.05.2024,rwc_class_65_70,65-70,2.300543081,2.301341124,2.299745038
2024,2,FREX_05,09.07.2024,rwc_class_90,90+,2.806746546,2.842074237,2.771418856
2024,2,FREX_05,09.07.2024,rwc_class_tlp,rwc_tlp_90,1.35823138,1.361755966,1.354706795
2024,2,FREX_05,09.07.2024,rwc_class_80_90,80-90,1.547443653,1.55118766,1.543699647
2024,2,FREX_05,09.07.2024,rwc_class_standard,standard,1.35480618,1.358257042,1.351355317
2024,2,FREX_05,09.07.2024,rwc_class_70_80,70-80,1.27437859,1.275515109,1.27324207
2024,2,FREX_05,09.07.2024,rwc_class_65_70,65-70,1.202803937,1.203463556,1.202144318
2024,2,FREX_06,09.07.2024,rwc_class_90,90+,5.585288185,5.619261673,5.551314697
2024,2,FREX_06,09.07.2024,rwc_class_80_90,80-90,4.187485708,4.201007345,4.173964072
2024,2,FREX_06,09.07.2024,rwc_class_standard,standard,3.962422953,3.968621294,3.956224612
2024,2,FREX_06,09.07.2024,rwc_class_tlp,rwc_tlp_90,3.961702332,3.967865417,3.955539247
2024,2,FREX_06,09.07.2024,rwc_class_70_80,70-80,3.934698492,3.937165142,3.932231842
2024,2,FREX_06,09.07.2024,rwc_class_65_70,65-70,3.698209996,3.703679555,3.692740437
2024,2,FREX_07,09.07.2024,rwc_class_90,90+,7.294218191,7.388055881,7.200380501
2024,2,FREX_07,09.07.2024,rwc_class_80_90,80-90,2.490075639,2.556329093,2.423822185
2024,2,FREX_07,09.07.2024,rwc_class_standard,standard,2.058626983,2.070069682,2.047184285
2024,2,FREX_07,09.07.2024,rwc_class_tlp,rwc_tlp_90,2.044452945,2.055121012,2.033784878
2024,2,FREX_07,09.07.2024,rwc_class_70_80,70-80,2.158119546,2.173187308,2.143051784
2024,2,FREX_07,09.07.2024,rwc_class_65_70,65-70,1.881573848,1.898267276,1.864880421
2024,2,FREX_08,09.07.2024,rwc_class_90,90+,3.76626638,3.822309497,3.710223263
2024,2,FREX_08,09.07.2024,rwc_class_tlp,rwc_tlp_90,1.494736802,1.499725616,1.489747987
2024,2,FREX_08,09.07.2024,rwc_class_80_90,80-90,1.518671574,1.525406673,1.511936475
2024,2,FREX_08,09.07.2024,rwc_class_standard,standard,1.472775141,1.477153938,1.468396344
2024,2,FREX_08,09.07.2024,rwc_class_70_80,70-80,1.455709691,1.463516366,1.447903016
2024,2,FREX_08,09.07.2024,rwc_class_65_70,65-70,1.289306034,1.29132659,1.287285477
2024,2,FASY_01,09.07.2024,rwc_class_90,90+,7.191619119,7.216472524,7.166765713
2024,2,FASY_01,09.07.2024,rwc_class_tlp,rwc_tlp_90,5.830293113,5.869857501,5.790728725
2024,2,FASY_01,09.07.2024,rwc_class_80_90,80-90,6.363857409,6.388654348,6.33906047
2024,2,FASY_01,09.07.2024,rwc_class_standard,standard,5.652725319,5.688100472,5.617350166
2024,2,FASY_01,09.07.2024,rwc_class_70_80,70-80,5.499369042,5.521482004,5.477256079
2024,2,FASY_01,09.07.2024,rwc_class_65_70,65-70,4.895971937,4.909765696,4.882178178
2024,2,FASY_02,09.07.2024,rwc_class_90,90+,5.334200554,5.3495156,5.318885509
2024,2,FASY_02,09.07.2024,rwc_class_tlp,rwc_tlp_90,4.22816189,4.255696278,4.200627501
2024,2,FASY_02,09.07.2024,rwc_class_80_90,80-90,4.694925657,4.714182115,4.675669199
2024,2,FASY_02,09.07.2024,rwc_class_standard,standard,4.080739619,4.104411986,4.057067251
2024,2,FASY_02,09.07.2024,rwc_class_70_80,70-80,3.944900928,3.959149881,3.930651975
2024,2,FASY_02,09.07.2024,rwc_class_65_70,65-70,3.525518847,3.531977108,3.519060587
2024,2,FASY_03,09.07.2024,rwc_class_90,90+,8.284200919,8.317157248,8.25124459
2024,2,FASY_03,09.07.2024,rwc_class_tlp,rwc_tlp_90,6.593268769,6.641192489,6.54534505
2024,2,FASY_03,09.07.2024,rwc_class_80_90,80-90,7.206878677,7.23784221,7.175915143
2024,2,FASY_03,09.07.2024,rwc_class_standard,standard,6.344486448,6.385709765,6.30326313
2024,2,FASY_03,09.07.2024,rwc_class_70_80,70-80,6.154442129,6.179861371,6.129022887
2024,2,FASY_03,09.07.2024,rwc_class_65_70,65-70,5.488372017,5.502254643,5.474489391
2024,2,FASY_04,09.07.2024,rwc_class_90,90+,3.477753052,3.482095669,3.473410434
2024,2,FASY_04,09.07.2024,rwc_class_tlp,rwc_tlp_90,3.131569605,3.138693404,3.124445807
2024,2,FASY_04,09.07.2024,rwc_class_80_90,80-90,3.2768744,3.281304323,3.272444476
2024,2,FASY_04,09.07.2024,rwc_class_standard,standard,3.11120025,3.118025847,3.104374653
2024,2,FASY_04,09.07.2024,rwc_class_70_80,70-80,3.065867468,3.070210953,3.061523984
2024,2,FASY_04,09.07.2024,rwc_class_65_70,65-70,2.912477655,2.91506237,2.90989294
2024,3,FREX_05,13.08.2024,rwc_class_90,90+,5.392590222,5.429903871,5.355276573
2024,3,FREX_05,13.08.2024,rwc_class_80_90,80-90,3.2939213,3.316240286,3.271602314
2024,3,FREX_05,13.08.2024,rwc_class_standard,standard,2.832782834,2.842553733,2.823011936
2024,3,FREX_05,13.08.2024,rwc_class_tlp,rwc_tlp_90,2.806179484,2.814374005,2.797984963
2024,3,FREX_05,13.08.2024,rwc_class_70_80,70-80,2.699862871,2.702000388,2.697725354
2024,3,FREX_05,13.08.2024,rwc_class_65_70,65-70,2.683557411,2.683557411,2.683557411
2024,3,FREX_06,13.08.2024,rwc_class_90,90+,12.53200019,12.60407788,12.4599225
2024,3,FREX_06,13.08.2024,rwc_class_tlp,rwc_tlp_90,4.13493644,4.158537106,4.111335774
2024,3,FREX_06,13.08.2024,rwc_class_80_90,80-90,4.771956376,4.838373139,4.705539614
2024,3,FREX_06,13.08.2024,rwc_class_standard,standard,4.066925162,4.083936277,4.049914048
2024,3,FREX_06,13.08.2024,rwc_class_70_80,70-80,3.976066378,3.982245573,3.969887183
2024,3,FREX_06,13.08.2024,rwc_class_65_70,65-70,3.608765583,3.61031238,3.607218786
2024,3,FREX_07,13.08.2024,rwc_class_90,90+,15.82556198,15.88183032,15.76929365
2024,3,FREX_07,13.08.2024,rwc_class_80_90,80-90,13.06743727,13.18471828,12.95015626
2024,3,FREX_07,13.08.2024,rwc_class_standard,standard,10.92584226,11.01240468,10.83927985
2024,3,FREX_07,13.08.2024,rwc_class_tlp,rwc_tlp_90,10.71202978,10.78337471,10.64068485
2024,3,FREX_07,13.08.2024,rwc_class_70_80,70-80,10.32736529,10.35854752,10.29618306
2024,3,FREX_07,13.08.2024,rwc_class_65_70,65-70,9.913131333,9.926906758,9.899355908
2024,3,FREX_08,13.08.2024,rwc_class_90,90+,6.958202692,6.987582261,6.928823124
2024,3,FREX_08,13.08.2024,rwc_class_80_90,80-90,5.620625494,5.64228846,5.598962527
2024,3,FREX_08,13.08.2024,rwc_class_standard,standard,5.16816311,5.185176635,5.151149585
2024,3,FREX_08,13.08.2024,rwc_class_tlp,rwc_tlp_90,5.092775665,5.106833331,5.078717998
2024,3,FREX_08,13.08.2024,rwc_class_70_80,70-80,5.057570199,5.065827778,5.04931262
2024,3,FREX_08,13.08.2024,rwc_class_65_70,65-70,4.742826723,4.749484193,4.736169253
2024,3,FASY_01,13.08.2024,rwc_class_90,90+,5.21455631,5.234547858,5.194564763
2024,3,FASY_01,13.08.2024,rwc_class_tlp,rwc_tlp_90,4.416448583,4.423353973,4.409543193
2024,3,FASY_01,13.08.2024,rwc_class_80_90,80-90,4.347042005,4.356936961,4.337147049
2024,3,FASY_01,13.08.2024,rwc_class_standard,standard,4.379672304,4.385366545,4.373978063
2024,3,FASY_01,13.08.2024,rwc_class_70_80,70-80,4.406527767,4.413689587,4.399365948
2024,3,FASY_01,13.08.2024,rwc_class_65_70,65-70,4.567275432,4.567943731,4.566607133
2024,3,FASY_02,13.08.2024,rwc_class_90,90+,3.984422912,3.99560152,3.973244305
2024,3,FASY_02,13.08.2024,rwc_class_tlp,rwc_tlp_90,3.502329835,3.506565211,3.498094459
2024,3,FASY_02,13.08.2024,rwc_class_80_90,80-90,3.457549177,3.46427438,3.450823974
2024,3,FASY_02,13.08.2024,rwc_class_standard,standard,3.494419839,3.499298391,3.489541287
2024,3,FASY_02,13.08.2024,rwc_class_70_80,70-80,3.515993184,3.52169663,3.510289738
2024,3,FASY_02,13.08.2024,rwc_class_65_70,65-70,3.677216278,3.678540593,3.675891963
2024,3,FASY_03,13.08.2024,rwc_class_90,90+,15.5770985,15.61197117,15.54222583
2024,3,FASY_03,13.08.2024,rwc_class_tlp,rwc_tlp_90,13.10649582,13.22557272,12.98741893
2024,3,FASY_03,13.08.2024,rwc_class_80_90,80-90,14.38365125,14.44407812,14.32322437
2024,3,FASY_03,13.08.2024,rwc_class_standard,standard,12.76666349,12.88090743,12.65241956
2024,3,FASY_03,13.08.2024,rwc_class_70_80,70-80,12.42058467,12.4974042,12.34376514
2024,3,FASY_03,13.08.2024,rwc_class_65_70,65-70,10.90193892,10.9480535,10.85582435
2024,3,FASY_04,13.08.2024,rwc_class_90,90+,3.403542664,3.419708724,3.387376604
2024,3,FASY_04,13.08.2024,rwc_class_80_90,80-90,2.783833046,2.788022611,2.77964348
2024,3,FASY_04,13.08.2024,rwc_class_standard,standard,2.875611022,2.880900173,2.870321871
2024,3,FASY_04,13.08.2024,rwc_class_tlp,rwc_tlp_90,2.886879561,2.892705838,2.881053284
2024,3,FASY_04,13.08.2024,rwc_class_70_80,70-80,2.935890536,2.940474742,2.93130633
2024,3,FASY_04,13.08.2024,rwc_class_65_70,65-70,3.00363457,3.003765811,3.00350333
2024,4,FREX_05,23.09.2024,rwc_class_90,90+,18.06628181,18.23805003,17.89451359
2024,4,FREX_05,23.09.2024,rwc_class_tlp,rwc_tlp_90,13.46758731,13.59999938,13.33517525
2024,4,FREX_05,23.09.2024,rwc_class_80_90,80-90,14.61869541,14.72750119,14.50988963
2024,4,FREX_05,23.09.2024,rwc_class_standard,standard,12.98515613,13.08828352,12.88202875
2024,4,FREX_05,23.09.2024,rwc_class_70_80,70-80,12.61648635,12.67384986,12.55912283
2024,4,FREX_05,23.09.2024,rwc_class_65_70,65-70,11.50150012,11.53610156,11.46689868
2024,4,FREX_06,23.09.2024,rwc_class_90,90+,22.47519982,22.70297141,22.24742823
2024,4,FREX_06,23.09.2024,rwc_class_tlp,rwc_tlp_90,17.66851951,17.78893505,17.54810397
2024,4,FREX_06,23.09.2024,rwc_class_80_90,80-90,18.41846789,18.50258951,18.33434627
2024,4,FREX_06,23.09.2024,rwc_class_standard,standard,17.16148292,17.2533535,17.06961235
2024,4,FREX_06,23.09.2024,rwc_class_70_80,70-80,16.97147867,17.03039438,16.91256295
2024,4,FREX_06,23.09.2024,rwc_class_65_70,65-70,15.32155911,15.38845311,15.25466511
2024,4,FREX_07,23.09.2024,rwc_class_90,90+,9.681641866,9.961667237,9.401616494
2024,4,FREX_07,23.09.2024,rwc_class_tlp,rwc_tlp_90,4.675786635,4.703723528,4.647849742
2024,4,FREX_07,23.09.2024,rwc_class_80_90,80-90,5.278032037,5.302316927,5.253747147
2024,4,FREX_07,23.09.2024,rwc_class_standard,standard,4.62967807,4.655385342,4.603970797
2024,4,FREX_07,23.09.2024,rwc_class_70_80,70-80,4.454909727,4.472228554,4.4375909
2024,4,FREX_07,23.09.2024,rwc_class_65_70,65-70,4.153928402,4.154845044,4.153011759
2024,4,FREX_08,23.09.2024,rwc_class_90,90+,21.98019975,22.16277117,21.79762833
2024,4,FREX_08,23.09.2024,rwc_class_tlp,rwc_tlp_90,16.0581507,16.27248875,15.84381266
2024,4,FREX_08,23.09.2024,rwc_class_80_90,80-90,18.27246815,18.42495931,18.11997698
2024,4,FREX_08,23.09.2024,rwc_class_standard,standard,15.52377066,15.71426758,15.33327375
2024,4,FREX_08,23.09.2024,rwc_class_70_80,70-80,15.05796949,15.17248323,14.94345574
2024,4,FREX_08,23.09.2024,rwc_class_65_70,65-70,12.8706406,12.9488088,12.7924724
2024,4,FASY_01,23.09.2024,rwc_class_90,90+,7.693499625,7.70942549,7.677573761
2024,4,FASY_01,23.09.2024,rwc_class_tlp,rwc_tlp_90,6.555805894,6.587813422,6.523798366
2024,4,FASY_01,23.09.2024,rwc_class_80_90,80-90,6.899810673,6.925685059,6.873936288
2024,4,FASY_01,23.09.2024,rwc_class_standard,standard,6.360591569,6.384956667,6.336226471
2024,4,FASY_01,23.09.2024,rwc_class_70_80,70-80,6.206919798,6.219485676,6.19435392
2024,4,FASY_01,23.09.2024,rwc_class_65_70,65-70,5.917688925,5.923577055,5.911800795
2024,4,FASY_02,23.09.2024,rwc_class_90,90+,8.395909232,8.402838325,8.388980138
2024,4,FASY_02,23.09.2024,rwc_class_tlp,rwc_tlp_90,7.6643747,7.689822675,7.638926725
2024,4,FASY_02,23.09.2024,rwc_class_80_90,80-90,8.058497547,8.074200453,8.042794641
2024,4,FASY_02,23.09.2024,rwc_class_standard,standard,7.629408245,7.654231887,7.604584603
2024,4,FASY_02,23.09.2024,rwc_class_70_80,70-80,7.513615393,7.529086671,7.498144114
2024,4,FASY_02,23.09.2024,rwc_class_65_70,65-70,7.102785103,7.114420458,7.091149748
2024,4,FASY_03,23.09.2024,rwc_class_90,90+,14.37162133,14.5717437,14.17149896
2024,4,FASY_03,23.09.2024,rwc_class_tlp,rwc_tlp_90,8.640409642,8.754145089,8.526674195
2024,4,FASY_03,23.09.2024,rwc_class_80_90,80-90,9.724875811,9.862962772,9.586788849
2024,4,FASY_03,23.09.2024,rwc_class_standard,standard,8.112246386,8.175614982,8.04887779
2024,4,FASY_03,23.09.2024,rwc_class_70_80,70-80,7.487743561,7.502721598,7.472765524
2024,4,FASY_03,23.09.2024,rwc_class_65_70,65-70,8.509479396,8.539663513,8.479295278
2024,4,FASY_04,23.09.2024,rwc_class_90,90+,4.867296956,4.874912112,4.859681799
2024,4,FASY_04,23.09.2024,rwc_class_tlp,rwc_tlp_90,4.121985584,4.149963608,4.094007559
2024,4,FASY_04,23.09.2024,rwc_class_80_90,80-90,4.51481993,4.532421093,4.497218767
2024,4,FASY_04,23.09.2024,rwc_class_standard,standard,4.074514029,4.101378168,4.047649891
2024,4,FASY_04,23.09.2024,rwc_class_70_80,70-80,3.96699375,3.9838114,3.9501761
2024,4,FASY_04,23.09.2024,rwc_class_65_70,65-70,3.60089737,3.610979045,3.590815696
