SYS,SYS,SYS,SYS,SYS,USERDEF,USERDEF,USERDEF,USERDEF,PORO,PORO,PORO,PORO,PORO,PORO,PORO,PORO,PORO,PORO,PORO,PORO,PORO,FLUORO,FLUORO,FLUORO,FLUORO,FLUORO,FLUORO,FLUORO,FLUORO,FLUORO,FLUORO,FLUORO,SENSOR,SENSOR,SENSOR,SENSOR,SENSOR,SENSOR,SENSOR,SENSOR,SENSOR,SENSOR,SENSOR,MATCH,MATCH,MATCH,MATCH,STABILITY,STABILITY,STABILITY,STABILITY,STABILITY,STABILITY,P_CONFIG,P_CONFIG,P_CONFIG,P_CONFIG,P_CONFIG,P_CONFIG,P_CONFIG,P_CONFIG,P_CONFIG,P_CONFIG,P_CONFIG,FL_CONFIG,FL_CONFIG,FL_CONFIG,FL_CONFIG,FL_CONFIG,FL_CONFIG,FL_CONFIG,FL_CONFIG,FL_CONFIG,FL_CONFIG,FL_CONFIG,FL_CONFIG,FL_CONFIG,FL_CONFIG,FL_CONFIG,SENSOR_V,SENSOR_V,SENSOR_V,SENSOR_V,SENSOR_V,SENSOR_V,SENSOR_V,SENSOR_V,SENSOR_V,SENSOR_V,USERCAL,USERCAL,USERCAL,USERCAL,USERCAL,USERCAL,USERCAL,USERCAL,USERCAL,USERCAL,META,META,META,META,META,META,META
Obs#,Time,Date,configName,configAuthor,remark,species,tree_number,wb_temp,gsw,gbw,gtw,E_apparent,VPcham,VPref,VPleaf,VPDleaf,H2O_r,H2O_s,H2O_leaf,leaf_area,leaf_width,flashID,Fo,Fm,Fv/Fm,Fs,Fm',PhiPS2,PS2/1,abs,ETR,TRANS,rh_s,rh_r,Tref,Tmeas,Tleaf,P_atm,flow,flow_s,leak_pct,Qamb,batt,match_time,match_date,rh_adj,type,gsw1sec,gsw2sec,gsw4sec,flr1sec,flr2sec,flr4sec,auto,flow_set,gsw_limit,gsw_period,aw,Bla,Blb,Blc,Bld,Ble,chamber,dark,flash_type,flash_intensity,modrate,flr_limit,flr_period,P1_dur,P2_dur,P3_dur,P1_Fmax,P2_ramp,P2_slp,P3_Fmax,P3_Pred,P3_DeltaF,v_humA,v_humB,v_flowIn,v_flowOut,v_temp,v_irt,v_pres,v_par,v_F,i_LED,b_rhr,m_rhr,span_rhr,b_rhs,m_rhs,span_rhs,z_flowIn,z_flowOut,z_quantum,z_flr,flashId,lciSerNum,lcpSerNum,lcfSerNum,lcrhSerNum,version,configUpdatedAt
,HHMMSS,YYYYMMDD,,,,,,,mol+1m-2s-1,mol+1m-2s-1,mol+1m-2s-1,mmol+1m-2s-1,kPa,kPa,kPa,kPa,mmol+1mol-1,mmol+1mol-1,mmol+1mol-1,cm+2,mm,,,,,,,,,,umol+1m-2s-1,,%,%,C,C,C,kPa,umol+1sec-1,umol+1sec-1,%,umol+1m-2s-1,V,HHMMSS,YYYYMMDD,%,,,,,,,,,umol+1sec-1,(umol+1m-2s-1)s-1,s,,,,,,,,,,umol+1m-2s-1,Hz,s-1,s,ms,ms,ms,,%,,,,,V,V,V,V,V,V,V,V,V,A,,,,,,,,,,,,,,,,,
1,15:33:15,2024-05-29,darkfl_hainich,rebeccatest,,fasy,003,000,0.004266,2.914368,0.004259,0.045304,1.604218,1.603372,2.635139,1.030920,16.187998,16.196537,26.604931,0.298530,1.800000,PSF-01225_20240529153315_bc1,119.027496,560.719360,0.787724,0.000000,0.000000,0.000000,0.5,0.80,1.581929,1.000000,60.69,60.66,21.94,21.89,21.89,99.05,155.8,139.2,10.6,5,4.134,15:32:48,2024-05-29,0.33,1,-0.000,0.000,-0.001,0.374,0.561,1.064,1,150,0.001,2.000000,0.165850,0.000000,0.029230,0.000000,0.000000,-0.000068,standard,1,rectangular,6000,5,1.000000,2.000000,55537,55537,55537,0.000000,-9999,0.000000,0.000000,0.000000,0.000000,2.452947,2.438546,1.658707,0.901924,0.308263,0.000652,0.323353,0.110799,119.027496,0.000211,2.365176,-0.000008,1.000000,2.351669,-0.000027,1.000000,0.600858,0.600606,0.107252,0.000000,PSF-01225_20240529153315_bc1,PFA-01090,PSA-01092,PSF-01225,RHS-02024,3.0.0,2024-05-29T13:27:41.891Z
2,15:34:11,2024-05-29,darkfl_hainich,rebeccatest,,fasy,003,000,-0.007353,2.915474,-0.007371,-0.079204,1.614890,1.616367,2.656310,1.041420,16.317755,16.302839,26.816317,0.298530,1.800000,PSF-01225_20240529153411_af7,118.474602,554.245605,0.786242,0.000000,0.000000,0.000000,0.5,0.80,1.347491,1.000000,60.51,60.56,22.09,22.02,22.02,99.06,155.9,126.8,18.7,4,4.129,15:32:48,2024-05-29,0.33,1,-0.001,-0.001,0.001,0.006,0.144,0.415,1,150,0.001,2.000000,0.165850,0.000000,0.029230,0.000000,0.000000,-0.000068,standard,1,rectangular,6000,5,1.000000,2.000000,55537,55537,55537,0.000000,-9999,0.000000,0.000000,0.000000,0.000000,2.452814,2.438305,1.659859,0.871263,0.306327,0.000344,0.328600,0.110279,118.474602,0.000211,2.365176,-0.000008,1.000000,2.351669,-0.000027,1.000000,0.600858,0.600606,0.107252,0.000000,PSF-01225_20240529153411_af7,PFA-01090,PSA-01092,PSF-01225,RHS-02024,3.0.0,2024-05-29T13:27:41.891Z
1,18:38:34,2024-05-29,darkfl_hainich,rebeccatest,,fasy,004,025,0.023224,2.916021,0.023041,0.256069,1.567042,1.562275,2.642338,1.075296,15.803179,15.851404,26.728550,0.298530,1.800000,PSF-01225_20240529183834_9b0,121.543411,562.517151,0.783929,0.000000,0.000000,0.000000,0.5,0.80,3.695629,1.000000,59.05,58.87,22.00,21.93,21.93,98.86,156.0,130.7,16.2,12,4.126,18:37:54,2024-05-29,0.02,1,0.000,-0.000,-0.015,0.375,0.247,0.894,1,150,0.001,2.000000,0.165850,0.000000,0.029230,0.000000,0.000000,-0.000068,standard,1,rectangular,6000,5,1.000000,2.000000,55537,55537,55537,0.000000,-9999,0.000000,0.000000,0.000000,0.000000,2.450788,2.436918,1.660430,0.880740,0.307485,0.000437,0.028316,0.115579,121.543411,0.000213,2.365176,-0.000008,1.000000,2.351669,-0.000027,1.000000,0.600858,0.600606,0.107252,0.000000,PSF-01225_20240529183834_9b0,PFA-01090,PSA-01092,PSF-01225,RHS-02024,3.0.0,2024-05-29T13:27:41.891Z
2,18:39:27,2024-05-29,darkfl_hainich,rebeccatest,,fasy,004,035,0.001399,2.916154,0.001398,0.015710,1.586228,1.585936,2.673517,1.087288,16.040129,16.043087,27.039907,0.298530,1.800000,PSF-01225_20240529183927_72c,129.708771,586.002563,0.778655,0.000000,0.000000,0.000000,0.5,0.80,3.878078,1.000000,59.54,59.53,22.07,22.12,22.12,98.87,156.0,138.8,11.0,12,4.124,18:37:54,2024-05-29,0.02,1,-0.001,0.000,-9999.000,-0.136,0.447,-9999.000,1,150,0.001,2.000000,0.165850,0.000000,0.029230,0.000000,0.000000,-0.000068,standard,1,rectangular,6000,5,1.000000,2.000000,55537,55537,55537,0.000000,-9999,0.000000,0.000000,0.000000,0.000000,2.451566,2.437497,1.660569,0.900898,0.306674,0.001883,0.034910,0.116049,129.708771,0.000212,2.365176,-0.000008,1.000000,2.351669,-0.000027,1.000000,0.600858,0.600606,0.107252,0.000000,PSF-01225_20240529183927_72c,PFA-01090,PSA-01092,PSF-01225,RHS-02024,3.0.0,2024-05-29T13:27:41.891Z