"sample_id","campaign","date","leaf_area_cm2","leaf_mass_no_wax_g","leaf_mass_g","petri_dish_mass_g","dry_weight_g","real_time","elapsed_time_min","year"
"FREX_05","1","2024-05-29",78.3336,13.9354,13.9397,12.6049,0.330500000000001,2024-05-29 08:32:00,0,"2024"
"FREX_05","1","2024-05-29",78.3336,13.9354,13.9252,12.6049,0.330500000000001,2024-05-29 08:34:00,2,"2024"
"FREX_05","1","2024-05-29",78.3336,13.9354,13.893,12.6049,0.330500000000001,2024-05-29 08:40:00,8,"2024"
"FREX_05","1","2024-05-29",78.3336,13.9354,13.8762,12.6049,0.330500000000001,2024-05-29 08:48:00,16,"2024"
"FREX_05","1","2024-05-29",78.3336,13.9354,13.8685,12.6049,0.330500000000001,2024-05-29 08:56:00,24,"2024"
"FREX_05","1","2024-05-29",78.3336,13.9354,13.8617,12.6049,0.330500000000001,2024-05-29 09:07:00,35,"2024"
"FREX_05","1","2024-05-29",78.3336,13.9354,13.8561,12.6049,0.330500000000001,2024-05-29 09:19:00,47,"2024"
"FREX_05","1","2024-05-29",78.3336,13.9354,13.852,12.6049,0.330500000000001,2024-05-29 09:28:00,56,"2024"
"FREX_05","1","2024-05-29",78.3336,13.9354,13.8483,12.6049,0.330500000000001,2024-05-29 09:37:00,65,"2024"
"FREX_05","1","2024-05-29",78.3336,13.9354,13.8431,12.6049,0.330500000000001,2024-05-29 09:49:00,77,"2024"
"FREX_05","1","2024-05-29",78.3336,13.9354,13.8339,12.6049,0.330500000000001,2024-05-29 10:05:00,93,"2024"
"FREX_05","1","2024-05-29",78.3336,13.9354,13.8255,12.6049,0.330500000000001,2024-05-29 10:21:00,109,"2024"
"FREX_05","1","2024-05-29",78.3336,13.9354,13.8119,12.6049,0.330500000000001,2024-05-29 10:55:00,143,"2024"
"FREX_05","1","2024-05-29",78.3336,13.9354,13.7974,12.6049,0.330500000000001,2024-05-29 11:38:00,186,"2024"
"FREX_05","1","2024-05-29",78.3336,13.9354,13.7696,12.6049,0.330500000000001,2024-05-29 13:07:00,275,"2024"
"FREX_05","1","2024-05-29",78.3336,13.9354,13.7474,12.6049,0.330500000000001,2024-05-29 14:27:00,355,"2024"
"FREX_05","1","2024-05-29",78.3336,13.9354,13.7299,12.6049,0.330500000000001,2024-05-29 15:33:00,421,"2024"
"FREX_05","1","2024-05-29",78.3336,13.9354,13.7218,12.6049,0.330500000000001,2024-05-29 16:06:00,454,"2024"
"FREX_05","1","2024-05-29",78.3336,13.9354,13.7155,12.6049,0.330500000000001,2024-05-29 16:32:00,480,"2024"
"FREX_05","1","2024-05-29",78.3336,13.9354,13.7063,12.6049,0.330500000000001,2024-05-29 17:02:00,510,"2024"
"FREX_05","1","2024-05-29",78.3336,13.9354,13.7015,12.6049,0.330500000000001,2024-05-29 17:32:00,540,"2024"
"FREX_05","1","2024-05-29",78.3336,13.9354,13.6946,12.6049,0.330500000000001,2024-05-29 18:01:00,569,"2024"
"FREX_05","1","2024-05-29",78.3336,13.9354,13.6879,12.6049,0.330500000000001,2024-05-29 18:32:00,600,"2024"
"FREX_05","1","2024-05-29",78.3336,13.9354,13.681,12.6049,0.330500000000001,2024-05-29 19:00:00,628,"2024"
"FREX_05","1","2024-05-29",78.3336,13.9354,13.6751,12.6049,0.330500000000001,2024-05-29 19:31:00,659,"2024"
"FREX_05","1","2024-05-29",78.3336,13.9354,13.6687,12.6049,0.330500000000001,2024-05-29 20:01:00,689,"2024"
"FREX_05","1","2024-05-29",78.3336,13.9354,13.6242,12.6049,0.330500000000001,2024-05-29 23:41:00,909,"2024"
"FREX_06","1","2024-05-29",149.973,14.7754,14.7778,12.6338,0.5869,2024-05-29 08:39:00,0,"2024"
"FREX_06","1","2024-05-29",149.973,14.7754,14.7659,12.6338,0.5869,2024-05-29 08:44:00,5,"2024"
"FREX_06","1","2024-05-29",149.973,14.7754,14.7508,12.6338,0.5869,2024-05-29 08:50:00,11,"2024"
"FREX_06","1","2024-05-29",149.973,14.7754,14.7413,12.6338,0.5869,2024-05-29 08:57:00,18,"2024"
"FREX_06","1","2024-05-29",149.973,14.7754,14.7272,12.6338,0.5869,2024-05-29 09:08:00,29,"2024"
"FREX_06","1","2024-05-29",149.973,14.7754,14.7189,12.6338,0.5869,2024-05-29 09:18:00,39,"2024"
"FREX_06","1","2024-05-29",149.973,14.7754,14.7111,12.6338,0.5869,2024-05-29 09:29:00,50,"2024"
"FREX_06","1","2024-05-29",149.973,14.7754,14.7049,12.6338,0.5869,2024-05-29 09:38:00,59,"2024"
"FREX_06","1","2024-05-29",149.973,14.7754,14.6981,12.6338,0.5869,2024-05-29 09:49:00,70,"2024"
"FREX_06","1","2024-05-29",149.973,14.7754,14.688,12.6338,0.5869,2024-05-29 10:06:00,87,"2024"
"FREX_06","1","2024-05-29",149.973,14.7754,14.6791,12.6338,0.5869,2024-05-29 10:22:00,103,"2024"
"FREX_06","1","2024-05-29",149.973,14.7754,14.6627,12.6338,0.5869,2024-05-29 10:54:00,135,"2024"
"FREX_06","1","2024-05-29",149.973,14.7754,14.6411,12.6338,0.5869,2024-05-29 11:39:00,180,"2024"
"FREX_06","1","2024-05-29",149.973,14.7754,14.6051,12.6338,0.5869,2024-05-29 13:07:00,268,"2024"
"FREX_06","1","2024-05-29",149.973,14.7754,14.5747,12.6338,0.5869,2024-05-29 14:28:00,349,"2024"
"FREX_06","1","2024-05-29",149.973,14.7754,14.5513,12.6338,0.5869,2024-05-29 15:34:00,415,"2024"
"FREX_06","1","2024-05-29",149.973,14.7754,14.5394,12.6338,0.5869,2024-05-29 16:07:00,448,"2024"
"FREX_06","1","2024-05-29",149.973,14.7754,14.5313,12.6338,0.5869,2024-05-29 16:33:00,474,"2024"
"FREX_06","1","2024-05-29",149.973,14.7754,14.5212,12.6338,0.5869,2024-05-29 17:03:00,504,"2024"
"FREX_06","1","2024-05-29",149.973,14.7754,14.5106,12.6338,0.5869,2024-05-29 17:33:00,534,"2024"
"FREX_06","1","2024-05-29",149.973,14.7754,14.5015,12.6338,0.5869,2024-05-29 18:02:00,563,"2024"
"FREX_06","1","2024-05-29",149.973,14.7754,14.4921,12.6338,0.5869,2024-05-29 18:31:00,592,"2024"
"FREX_06","1","2024-05-29",149.973,14.7754,14.4817,12.6338,0.5869,2024-05-29 19:01:00,622,"2024"
"FREX_06","1","2024-05-29",149.973,14.7754,14.4728,12.6338,0.5869,2024-05-29 19:32:00,653,"2024"
"FREX_06","1","2024-05-29",149.973,14.7754,14.4635,12.6338,0.5869,2024-05-29 20:02:00,683,"2024"
"FREX_06","1","2024-05-29",149.973,14.7754,14.3982,12.6338,0.5869,2024-05-29 23:42:00,903,"2024"
"FREX_07","1","2024-05-29",52.3858,12.6285,12.6311,11.611,0.255800000000001,2024-05-29 08:42:00,0,"2024"
"FREX_07","1","2024-05-29",52.3858,12.6285,12.6137,11.611,0.255800000000001,2024-05-29 08:51:00,9,"2024"
"FREX_07","1","2024-05-29",52.3858,12.6285,12.6072,11.611,0.255800000000001,2024-05-29 08:58:00,16,"2024"
"FREX_07","1","2024-05-29",52.3858,12.6285,12.5979,11.611,0.255800000000001,2024-05-29 09:18:00,36,"2024"
"FREX_07","1","2024-05-29",52.3858,12.6285,12.5934,11.611,0.255800000000001,2024-05-29 09:29:00,47,"2024"
"FREX_07","1","2024-05-29",52.3858,12.6285,12.5832,11.611,0.255800000000001,2024-05-29 09:39:00,57,"2024"
"FREX_07","1","2024-05-29",52.3858,12.6285,12.5783,11.611,0.255800000000001,2024-05-29 09:50:00,68,"2024"
"FREX_07","1","2024-05-29",52.3858,12.6285,12.5711,11.611,0.255800000000001,2024-05-29 10:06:00,84,"2024"
"FREX_07","1","2024-05-29",52.3858,12.6285,12.5646,11.611,0.255800000000001,2024-05-29 10:23:00,101,"2024"
"FREX_07","1","2024-05-29",52.3858,12.6285,12.5522,11.611,0.255800000000001,2024-05-29 10:52:00,130,"2024"
"FREX_07","1","2024-05-29",52.3858,12.6285,12.5351,11.611,0.255800000000001,2024-05-29 11:40:00,178,"2024"
"FREX_07","1","2024-05-29",52.3858,12.6285,12.5061,11.611,0.255800000000001,2024-05-29 13:09:00,267,"2024"
"FREX_07","1","2024-05-29",52.3858,12.6285,12.4831,11.611,0.255800000000001,2024-05-29 14:29:00,347,"2024"
"FREX_07","1","2024-05-29",52.3858,12.6285,12.4659,11.611,0.255800000000001,2024-05-29 15:34:00,412,"2024"
"FREX_07","1","2024-05-29",52.3858,12.6285,12.4578,11.611,0.255800000000001,2024-05-29 16:07:00,445,"2024"
"FREX_07","1","2024-05-29",52.3858,12.6285,12.4523,11.611,0.255800000000001,2024-05-29 16:33:00,471,"2024"
"FREX_07","1","2024-05-29",52.3858,12.6285,12.4384,11.611,0.255800000000001,2024-05-29 17:34:00,532,"2024"
"FREX_07","1","2024-05-29",52.3858,12.6285,12.4322,11.611,0.255800000000001,2024-05-29 18:03:00,561,"2024"
"FREX_07","1","2024-05-29",52.3858,12.6285,12.4257,11.611,0.255800000000001,2024-05-29 18:33:00,591,"2024"
"FREX_07","1","2024-05-29",52.3858,12.6285,12.4193,11.611,0.255800000000001,2024-05-29 19:02:00,620,"2024"
"FREX_07","1","2024-05-29",52.3858,12.6285,12.4135,11.611,0.255800000000001,2024-05-29 19:32:00,650,"2024"
"FREX_07","1","2024-05-29",52.3858,12.6285,12.4081,11.611,0.255800000000001,2024-05-29 20:03:00,681,"2024"
"FREX_07","1","2024-05-29",52.3858,12.6285,12.3702,11.611,0.255800000000001,2024-05-29 23:43:00,901,"2024"
"FREX_08","1","2024-05-29",94.4841,13.1811,13.1874,11.6299,0.356100000000001,2024-05-29 09:12:00,0,"2024"
"FREX_08","1","2024-05-29",94.4841,13.1811,13.1843,11.6299,0.356100000000001,2024-05-29 09:16:00,4,"2024"
"FREX_08","1","2024-05-29",94.4841,13.1811,13.1808,11.6299,0.356100000000001,2024-05-29 09:20:00,8,"2024"
"FREX_08","1","2024-05-29",94.4841,13.1811,13.1767,11.6299,0.356100000000001,2024-05-29 09:25:00,13,"2024"
"FREX_08","1","2024-05-29",94.4841,13.1811,13.175,11.6299,0.356100000000001,2024-05-29 09:30:00,18,"2024"
"FREX_08","1","2024-05-29",94.4841,13.1811,13.1701,11.6299,0.356100000000001,2024-05-29 09:37:00,25,"2024"
"FREX_08","1","2024-05-29",94.4841,13.1811,13.1604,11.6299,0.356100000000001,2024-05-29 09:45:00,33,"2024"
"FREX_08","1","2024-05-29",94.4841,13.1811,13.1604,11.6299,0.356100000000001,2024-05-29 09:50:00,38,"2024"
"FREX_08","1","2024-05-29",94.4841,13.1811,13.1519,11.6299,0.356100000000001,2024-05-29 10:00:00,48,"2024"
"FREX_08","1","2024-05-29",94.4841,13.1811,13.1396,11.6299,0.356100000000001,2024-05-29 10:22:00,70,"2024"
"FREX_08","1","2024-05-29",94.4841,13.1811,13.1208,11.6299,0.356100000000001,2024-05-29 10:52:00,100,"2024"
"FREX_08","1","2024-05-29",94.4841,13.1811,13.0966,11.6299,0.356100000000001,2024-05-29 11:41:00,149,"2024"
"FREX_08","1","2024-05-29",94.4841,13.1811,13.0572,11.6299,0.356100000000001,2024-05-29 13:09:00,237,"2024"
"FREX_08","1","2024-05-29",94.4841,13.1811,13.0238,11.6299,0.356100000000001,2024-05-29 14:29:00,317,"2024"
"FREX_08","1","2024-05-29",94.4841,13.1811,12.9848,11.6299,0.356100000000001,2024-05-29 16:08:00,416,"2024"
"FREX_08","1","2024-05-29",94.4841,13.1811,12.9761,11.6299,0.356100000000001,2024-05-29 16:34:00,442,"2024"
"FREX_08","1","2024-05-29",94.4841,13.1811,12.9648,11.6299,0.356100000000001,2024-05-29 17:04:00,472,"2024"
"FREX_08","1","2024-05-29",94.4841,13.1811,12.953,11.6299,0.356100000000001,2024-05-29 17:34:00,502,"2024"
"FREX_08","1","2024-05-29",94.4841,13.1811,12.9425,11.6299,0.356100000000001,2024-05-29 18:03:00,531,"2024"
"FREX_08","1","2024-05-29",94.4841,13.1811,12.9318,11.6299,0.356100000000001,2024-05-29 18:33:00,561,"2024"
"FREX_08","1","2024-05-29",94.4841,13.1811,12.9212,11.6299,0.356100000000001,2024-05-29 19:03:00,591,"2024"
"FREX_08","1","2024-05-29",94.4841,13.1811,12.9104,11.6299,0.356100000000001,2024-05-29 19:33:00,621,"2024"
"FREX_08","1","2024-05-29",94.4841,13.1811,12.9001,11.6299,0.356100000000001,2024-05-29 20:03:00,651,"2024"
"FREX_08","1","2024-05-29",94.4841,13.1811,12.8251,11.6299,0.356100000000001,2024-05-29 23:43:00,871,"2024"
"FASY_01","1","2024-05-29",7.6758,3.4331,3.4453,3.0751,0.166700000000001,2024-05-29 08:16:00,0,"2024"
"FASY_01","1","2024-05-29",7.6758,3.4331,3.443,3.0751,0.166700000000001,2024-05-29 08:25:00,9,"2024"
"FASY_01","1","2024-05-29",7.6758,3.4331,3.4353,3.0751,0.166700000000001,2024-05-29 08:52:00,36,"2024"
"FASY_01","1","2024-05-29",7.6758,3.4331,3.4328,3.0751,0.166700000000001,2024-05-29 09:04:00,48,"2024"
"FASY_01","1","2024-05-29",7.6758,3.4331,3.4306,3.0751,0.166700000000001,2024-05-29 09:14:00,58,"2024"
"FASY_01","1","2024-05-29",7.6758,3.4331,3.4281,3.0751,0.166700000000001,2024-05-29 09:24:00,68,"2024"
"FASY_01","1","2024-05-29",7.6758,3.4331,3.4262,3.0751,0.166700000000001,2024-05-29 09:35:00,79,"2024"
"FASY_01","1","2024-05-29",7.6758,3.4331,3.4238,3.0751,0.166700000000001,2024-05-29 09:46:00,90,"2024"
"FASY_01","1","2024-05-29",7.6758,3.4331,3.4205,3.0751,0.166700000000001,2024-05-29 10:00:00,104,"2024"
"FASY_01","1","2024-05-29",7.6758,3.4331,3.4141,3.0751,0.166700000000001,2024-05-29 10:30:00,134,"2024"
"FASY_01","1","2024-05-29",7.6758,3.4331,3.4098,3.0751,0.166700000000001,2024-05-29 10:56:00,160,"2024"
"FASY_01","1","2024-05-29",7.6758,3.4331,3.4005,3.0751,0.166700000000001,2024-05-29 11:41:00,205,"2024"
"FASY_01","1","2024-05-29",7.6758,3.4331,3.3848,3.0751,0.166700000000001,2024-05-29 13:05:00,289,"2024"
"FASY_01","1","2024-05-29",7.6758,3.4331,3.3708,3.0751,0.166700000000001,2024-05-29 14:24:00,368,"2024"
"FASY_01","1","2024-05-29",7.6758,3.4331,3.3598,3.0751,0.166700000000001,2024-05-29 15:30:00,434,"2024"
"FASY_01","1","2024-05-29",7.6758,3.4331,3.3544,3.0751,0.166700000000001,2024-05-29 16:03:00,467,"2024"
"FASY_01","1","2024-05-29",7.6758,3.4331,3.3507,3.0751,0.166700000000001,2024-05-29 16:29:00,493,"2024"
"FASY_01","1","2024-05-29",7.6758,3.4331,3.3456,3.0751,0.166700000000001,2024-05-29 17:00:00,524,"2024"
"FASY_01","1","2024-05-29",7.6758,3.4331,3.341,3.0751,0.166700000000001,2024-05-29 17:30:00,554,"2024"
"FASY_01","1","2024-05-29",7.6758,3.4331,3.3367,3.0751,0.166700000000001,2024-05-29 17:59:00,583,"2024"
"FASY_01","1","2024-05-29",7.6758,3.4331,3.3322,3.0751,0.166700000000001,2024-05-29 18:29:00,613,"2024"
"FASY_01","1","2024-05-29",7.6758,3.4331,3.3273,3.0751,0.166700000000001,2024-05-29 18:59:00,643,"2024"
"FASY_01","1","2024-05-29",7.6758,3.4331,3.3239,3.0751,0.166700000000001,2024-05-29 19:29:00,673,"2024"
"FASY_01","1","2024-05-29",7.6758,3.4331,3.3195,3.0751,0.166700000000001,2024-05-29 19:59:00,703,"2024"
"FASY_01","1","2024-05-29",7.6758,3.4331,3.2928,3.0751,0.166700000000001,2024-05-29 23:38:00,922,"2024"
"FASY_02","1","2024-05-29",17.2398,3.3519,3.355,3.0132,0.1532,2024-05-29 08:19:00,0,"2024"
"FASY_02","1","2024-05-29",17.2398,3.3519,3.351,3.0132,0.1532,2024-05-29 08:29:00,10,"2024"
"FASY_02","1","2024-05-29",17.2398,3.3519,3.3454,3.0132,0.1532,2024-05-29 08:53:00,34,"2024"
"FASY_02","1","2024-05-29",17.2398,3.3519,3.3438,3.0132,0.1532,2024-05-29 09:05:00,46,"2024"
"FASY_02","1","2024-05-29",17.2398,3.3519,3.342,3.0132,0.1532,2024-05-29 09:15:00,56,"2024"
"FASY_02","1","2024-05-29",17.2398,3.3519,3.3405,3.0132,0.1532,2024-05-29 09:26:00,67,"2024"
"FASY_02","1","2024-05-29",17.2398,3.3519,3.339,3.0132,0.1532,2024-05-29 09:35:00,76,"2024"
"FASY_02","1","2024-05-29",17.2398,3.3519,3.3373,3.0132,0.1532,2024-05-29 09:47:00,88,"2024"
"FASY_02","1","2024-05-29",17.2398,3.3519,3.3347,3.0132,0.1532,2024-05-29 10:01:00,102,"2024"
"FASY_02","1","2024-05-29",17.2398,3.3519,3.3299,3.0132,0.1532,2024-05-29 10:30:00,131,"2024"
"FASY_02","1","2024-05-29",17.2398,3.3519,3.3274,3.0132,0.1532,2024-05-29 10:57:00,158,"2024"
"FASY_02","1","2024-05-29",17.2398,3.3519,3.3203,3.0132,0.1532,2024-05-29 11:42:00,203,"2024"
"FASY_02","1","2024-05-29",17.2398,3.3519,3.3089,3.0132,0.1532,2024-05-29 13:05:00,286,"2024"
"FASY_02","1","2024-05-29",17.2398,3.3519,3.2985,3.0132,0.1532,2024-05-29 14:25:00,366,"2024"
"FASY_02","1","2024-05-29",17.2398,3.3519,3.2902,3.0132,0.1532,2024-05-29 15:31:00,432,"2024"
"FASY_02","1","2024-05-29",17.2398,3.3519,3.2859,3.0132,0.1532,2024-05-29 16:04:00,465,"2024"
"FASY_02","1","2024-05-29",17.2398,3.3519,3.2828,3.0132,0.1532,2024-05-29 16:30:00,491,"2024"
"FASY_02","1","2024-05-29",17.2398,3.3519,3.2791,3.0132,0.1532,2024-05-29 17:00:00,521,"2024"
"FASY_02","1","2024-05-29",17.2398,3.3519,3.2791,3.0132,0.1532,2024-05-29 17:30:00,551,"2024"
"FASY_02","1","2024-05-29",17.2398,3.3519,3.2722,3.0132,0.1532,2024-05-29 18:00:00,581,"2024"
"FASY_02","1","2024-05-29",17.2398,3.3519,3.2688,3.0132,0.1532,2024-05-29 18:30:00,611,"2024"
"FASY_02","1","2024-05-29",17.2398,3.3519,3.2646,3.0132,0.1532,2024-05-29 19:00:00,641,"2024"
"FASY_02","1","2024-05-29",17.2398,3.3519,3.2622,3.0132,0.1532,2024-05-29 19:29:00,670,"2024"
"FASY_02","1","2024-05-29",17.2398,3.3519,3.2589,3.0132,0.1532,2024-05-29 19:59:00,700,"2024"
"FASY_02","1","2024-05-29",17.2398,3.3519,3.2379,3.0132,0.1532,2024-05-29 23:39:00,920,"2024"
"FASY_03","1","2024-05-29",23.5443,3.4384,3.4428,3.075,0.150200000000001,2024-05-29 08:22:00,0,"2024"
"FASY_03","1","2024-05-29",23.5443,3.4384,3.4401,3.075,0.150200000000001,2024-05-29 08:33:00,11,"2024"
"FASY_03","1","2024-05-29",23.5443,3.4384,3.4346,3.075,0.150200000000001,2024-05-29 08:55:00,33,"2024"
"FASY_03","1","2024-05-29",23.5443,3.4384,3.4322,3.075,0.150200000000001,2024-05-29 09:05:00,43,"2024"
"FASY_03","1","2024-05-29",23.5443,3.4384,3.4302,3.075,0.150200000000001,2024-05-29 09:15:00,53,"2024"
"FASY_03","1","2024-05-29",23.5443,3.4384,3.4276,3.075,0.150200000000001,2024-05-29 09:27:00,65,"2024"
"FASY_03","1","2024-05-29",23.5443,3.4384,3.4254,3.075,0.150200000000001,2024-05-29 09:36:00,74,"2024"
"FASY_03","1","2024-05-29",23.5443,3.4384,3.4232,3.075,0.150200000000001,2024-05-29 09:47:00,85,"2024"
"FASY_03","1","2024-05-29",23.5443,3.4384,3.4193,3.075,0.150200000000001,2024-05-29 10:07:00,105,"2024"
"FASY_03","1","2024-05-29",23.5443,3.4384,3.4128,3.075,0.150200000000001,2024-05-29 10:32:00,130,"2024"
"FASY_03","1","2024-05-29",23.5443,3.4384,3.4089,3.075,0.150200000000001,2024-05-29 10:57:00,155,"2024"
"FASY_03","1","2024-05-29",23.5443,3.4384,3.3995,3.075,0.150200000000001,2024-05-29 11:43:00,201,"2024"
"FASY_03","1","2024-05-29",23.5443,3.4384,3.3836,3.075,0.150200000000001,2024-05-29 13:06:00,284,"2024"
"FASY_03","1","2024-05-29",23.5443,3.4384,3.3696,3.075,0.150200000000001,2024-05-29 14:25:00,363,"2024"
"FASY_03","1","2024-05-29",23.5443,3.4384,3.3584,3.075,0.150200000000001,2024-05-29 15:31:00,429,"2024"
"FASY_03","1","2024-05-29",23.5443,3.4384,3.3534,3.075,0.150200000000001,2024-05-29 16:05:00,463,"2024"
"FASY_03","1","2024-05-29",23.5443,3.4384,3.3497,3.075,0.150200000000001,2024-05-29 16:31:00,489,"2024"
"FASY_03","1","2024-05-29",23.5443,3.4384,3.346,3.075,0.150200000000001,2024-05-29 17:01:00,519,"2024"
"FASY_03","1","2024-05-29",23.5443,3.4384,3.3417,3.075,0.150200000000001,2024-05-29 17:31:00,549,"2024"
"FASY_03","1","2024-05-29",23.5443,3.4384,3.3384,3.075,0.150200000000001,2024-05-29 18:00:00,578,"2024"
"FASY_03","1","2024-05-29",23.5443,3.4384,3.3355,3.075,0.150200000000001,2024-05-29 18:30:00,608,"2024"
"FASY_03","1","2024-05-29",23.5443,3.4384,3.3314,3.075,0.150200000000001,2024-05-29 19:00:00,638,"2024"
"FASY_03","1","2024-05-29",23.5443,3.4384,3.3293,3.075,0.150200000000001,2024-05-29 19:30:00,668,"2024"
"FASY_03","1","2024-05-29",23.5443,3.4384,3.3265,3.075,0.150200000000001,2024-05-29 20:00:00,698,"2024"
"FASY_03","1","2024-05-29",23.5443,3.4384,3.3074,3.075,0.150200000000001,2024-05-29 23:40:00,918,"2024"
"FASY_04","1","2024-05-29",20.0576,3.2886,3.2924,3.012,0.1225,2024-05-29 08:24:00,0,"2024"
"FASY_04","1","2024-05-29",20.0576,3.2886,3.2914,3.012,0.1225,2024-05-29 08:33:00,9,"2024"
"FASY_04","1","2024-05-29",20.0576,3.2886,3.2892,3.012,0.1225,2024-05-29 08:55:00,31,"2024"
"FASY_04","1","2024-05-29",20.0576,3.2886,3.2884,3.012,0.1225,2024-05-29 09:07:00,43,"2024"
"FASY_04","1","2024-05-29",20.0576,3.2886,3.2875,3.012,0.1225,2024-05-29 09:16:00,52,"2024"
"FASY_04","1","2024-05-29",20.0576,3.2886,3.2869,3.012,0.1225,2024-05-29 09:27:00,63,"2024"
"FASY_04","1","2024-05-29",20.0576,3.2886,3.2859,3.012,0.1225,2024-05-29 09:36:00,72,"2024"
"FASY_04","1","2024-05-29",20.0576,3.2886,3.2853,3.012,0.1225,2024-05-29 09:48:00,84,"2024"
"FASY_04","1","2024-05-29",20.0576,3.2886,3.2834,3.012,0.1225,2024-05-29 10:08:00,104,"2024"
"FASY_04","1","2024-05-29",20.0576,3.2886,3.281,3.012,0.1225,2024-05-29 10:33:00,129,"2024"
"FASY_04","1","2024-05-29",20.0576,3.2886,3.28,3.012,0.1225,2024-05-29 10:58:00,154,"2024"
"FASY_04","1","2024-05-29",20.0576,3.2886,3.2763,3.012,0.1225,2024-05-29 11:43:00,199,"2024"
"FASY_04","1","2024-05-29",20.0576,3.2886,3.2696,3.012,0.1225,2024-05-29 13:07:00,283,"2024"
"FASY_04","1","2024-05-29",20.0576,3.2886,3.2633,3.012,0.1225,2024-05-29 14:26:00,362,"2024"
"FASY_04","1","2024-05-29",20.0576,3.2886,3.2583,3.012,0.1225,2024-05-29 15:32:00,428,"2024"
"FASY_04","1","2024-05-29",20.0576,3.2886,3.2557,3.012,0.1225,2024-05-29 16:05:00,461,"2024"
"FASY_04","1","2024-05-29",20.0576,3.2886,3.2537,3.012,0.1225,2024-05-29 16:31:00,487,"2024"
"FASY_04","1","2024-05-29",20.0576,3.2886,3.2517,3.012,0.1225,2024-05-29 17:01:00,517,"2024"
"FASY_04","1","2024-05-29",20.0576,3.2886,3.249,3.012,0.1225,2024-05-29 17:32:00,548,"2024"
"FASY_04","1","2024-05-29",20.0576,3.2886,3.2468,3.012,0.1225,2024-05-29 18:01:00,577,"2024"
"FASY_04","1","2024-05-29",20.0576,3.2886,3.2417,3.012,0.1225,2024-05-29 19:00:00,636,"2024"
"FASY_04","1","2024-05-29",20.0576,3.2886,3.2402,3.012,0.1225,2024-05-29 19:31:00,667,"2024"
"FASY_04","1","2024-05-29",20.0576,3.2886,3.238,3.012,0.1225,2024-05-29 20:01:00,697,"2024"
"FASY_04","1","2024-05-29",20.0576,3.2886,3.2198,3.012,0.1225,2024-05-29 23:40:00,916,"2024"
"FREX_05","2","2024-07-09",123.2574,14.622,14.6284,11.6898,1.0401,2024-07-09 08:52:00,0,"2024"
"FREX_05","2","2024-07-09",123.2574,14.622,14.6237,11.6898,1.0401,2024-07-09 08:57:00,5,"2024"
"FREX_05","2","2024-07-09",123.2574,14.622,14.6177,11.6898,1.0401,2024-07-09 09:05:00,13,"2024"
"FREX_05","2","2024-07-09",123.2574,14.622,14.6074,11.6898,1.0401,2024-07-09 09:17:00,25,"2024"
"FREX_05","2","2024-07-09",123.2574,14.622,14.5991,11.6898,1.0401,2024-07-09 09:20:00,28,"2024"
"FREX_05","2","2024-07-09",123.2574,14.622,14.5854,11.6898,1.0401,2024-07-09 09:40:00,48,"2024"
"FREX_05","2","2024-07-09",123.2574,14.622,14.5724,11.6898,1.0401,2024-07-09 09:54:00,62,"2024"
"FREX_05","2","2024-07-09",123.2574,14.622,14.5499,11.6898,1.0401,2024-07-09 10:16:00,84,"2024"
"FREX_05","2","2024-07-09",123.2574,14.622,14.5369,11.6898,1.0401,2024-07-09 10:35:00,103,"2024"
"FREX_05","2","2024-07-09",123.2574,14.622,14.5281,11.6898,1.0401,2024-07-09 10:59:00,127,"2024"
"FREX_05","2","2024-07-09",123.2574,14.622,14.515,11.6898,1.0401,2024-07-09 11:24:00,152,"2024"
"FREX_05","2","2024-07-09",123.2574,14.622,14.5036,11.6898,1.0401,2024-07-09 11:47:00,175,"2024"
"FREX_05","2","2024-07-09",123.2574,14.622,14.4922,11.6898,1.0401,2024-07-09 12:10:00,198,"2024"
"FREX_05","2","2024-07-09",123.2574,14.622,14.4856,11.6898,1.0401,2024-07-09 12:27:00,215,"2024"
"FREX_05","2","2024-07-09",123.2574,14.622,14.469,11.6898,1.0401,2024-07-09 13:04:00,252,"2024"
"FREX_05","2","2024-07-09",123.2574,14.622,14.4577,11.6898,1.0401,2024-07-09 13:32:00,280,"2024"
"FREX_05","2","2024-07-09",123.2574,14.622,14.4452,11.6898,1.0401,2024-07-09 14:04:00,312,"2024"
"FREX_05","2","2024-07-09",123.2574,14.622,14.4215,11.6898,1.0401,2024-07-09 14:32:00,340,"2024"
"FREX_05","2","2024-07-09",123.2574,14.622,14.3986,11.6898,1.0401,2024-07-09 16:02:00,430,"2024"
"FREX_05","2","2024-07-09",123.2574,14.622,14.3877,11.6898,1.0401,2024-07-09 16:31:00,459,"2024"
"FREX_05","2","2024-07-09",123.2574,14.622,14.3771,11.6898,1.0401,2024-07-09 17:01:00,489,"2024"
"FREX_05","2","2024-07-09",123.2574,14.622,14.3668,11.6898,1.0401,2024-07-09 17:32:00,520,"2024"
"FREX_05","2","2024-07-09",123.2574,14.622,14.3569,11.6898,1.0401,2024-07-09 18:02:00,550,"2024"
"FREX_05","2","2024-07-09",123.2574,14.622,14.3425,11.6898,1.0401,2024-07-09 18:47:00,595,"2024"
"FREX_05","2","2024-07-09",123.2574,14.622,14.3222,11.6898,1.0401,2024-07-09 19:50:00,658,"2024"
"FREX_05","2","2024-07-09",123.2574,14.622,14.2588,11.6898,1.0401,2024-07-09 23:25:00,873,"2024"
"FREX_05","2","2024-07-10",123.2574,14.622,14.0998,11.6898,1.0401,2024-07-10 09:11:00,1459,"2024"
"FREX_05","2","2024-07-10",123.2574,14.622,14.0305,11.6898,1.0401,2024-07-10 13:45:00,1733,"2024"
"FREX_05","2","2024-07-10",123.2574,14.622,13.9846,11.6898,1.0401,2024-07-10 16:51:00,1919,"2024"
"FREX_05","2","2024-07-11",123.2574,14.622,13.7544,11.6898,1.0401,2024-07-11 09:22:00,2910,"2024"
"FREX_06","2","2024-07-09",109.7598,15.9777,15.9801,12.5607,1.4622,2024-07-09 08:55:00,0,"2024"
"FREX_06","2","2024-07-09",109.7598,15.9777,15.9747,12.5607,1.4622,2024-07-09 08:58:00,3,"2024"
"FREX_06","2","2024-07-09",109.7598,15.9777,15.961,12.5607,1.4622,2024-07-09 09:06:00,11,"2024"
"FREX_06","2","2024-07-09",109.7598,15.9777,15.9418,12.5607,1.4622,2024-07-09 09:18:00,23,"2024"
"FREX_06","2","2024-07-09",109.7598,15.9777,15.927,12.5607,1.4622,2024-07-09 09:26:00,31,"2024"
"FREX_06","2","2024-07-09",109.7598,15.9777,15.9063,12.5607,1.4622,2024-07-09 09:41:00,46,"2024"
"FREX_06","2","2024-07-09",109.7598,15.9777,15.887,12.5607,1.4622,2024-07-09 09:55:00,60,"2024"
"FREX_06","2","2024-07-09",109.7598,15.9777,15.8604,12.5607,1.4622,2024-07-09 10:16:00,81,"2024"
"FREX_06","2","2024-07-09",109.7598,15.9777,15.8437,12.5607,1.4622,2024-07-09 10:35:00,100,"2024"
"FREX_06","2","2024-07-09",109.7598,15.9777,15.8311,12.5607,1.4622,2024-07-09 10:59:00,124,"2024"
"FREX_06","2","2024-07-09",109.7598,15.9777,15.8097,12.5607,1.4622,2024-07-09 11:25:00,150,"2024"
"FREX_06","2","2024-07-09",109.7598,15.9777,15.7897,12.5607,1.4622,2024-07-09 11:48:00,173,"2024"
"FREX_06","2","2024-07-09",109.7598,15.9777,15.7714,12.5607,1.4622,2024-07-09 12:09:00,194,"2024"
"FREX_06","2","2024-07-09",109.7598,15.9777,15.7573,12.5607,1.4622,2024-07-09 12:27:00,212,"2024"
"FREX_06","2","2024-07-09",109.7598,15.9777,15.7268,12.5607,1.4622,2024-07-09 13:04:00,249,"2024"
"FREX_06","2","2024-07-09",109.7598,15.9777,15.7228,12.5607,1.4622,2024-07-09 13:32:00,277,"2024"
"FREX_06","2","2024-07-09",109.7598,15.9777,15.6781,12.5607,1.4622,2024-07-09 14:05:00,310,"2024"
"FREX_06","2","2024-07-09",109.7598,15.9777,15.6554,12.5607,1.4622,2024-07-09 14:33:00,338,"2024"
"FREX_06","2","2024-07-09",109.7598,15.9777,15.6317,12.5607,1.4622,2024-07-09 15:03:00,368,"2024"
"FREX_06","2","2024-07-09",109.7598,15.9777,15.6088,12.5607,1.4622,2024-07-09 15:32:00,397,"2024"
"FREX_06","2","2024-07-09",109.7598,15.9777,15.5639,12.5607,1.4622,2024-07-09 16:32:00,457,"2024"
"FREX_06","2","2024-07-09",109.7598,15.9777,15.542,12.5607,1.4622,2024-07-09 17:02:00,487,"2024"
"FREX_06","2","2024-07-09",109.7598,15.9777,15.5193,12.5607,1.4622,2024-07-09 17:33:00,518,"2024"
"FREX_06","2","2024-07-09",109.7598,15.9777,15.4972,12.5607,1.4622,2024-07-09 18:02:00,547,"2024"
"FREX_06","2","2024-07-09",109.7598,15.9777,15.4658,12.5607,1.4622,2024-07-09 18:48:00,593,"2024"
"FREX_06","2","2024-07-09",109.7598,15.9777,15.4218,12.5607,1.4622,2024-07-09 19:51:00,656,"2024"
"FREX_06","2","2024-07-09",109.7598,15.9777,15.2792,12.5607,1.4622,2024-07-09 23:25:00,870,"2024"
"FREX_06","2","2024-07-10",109.7598,15.9777,14.9307,12.5607,1.4622,2024-07-10 09:11:00,1456,"2024"
"FREX_06","2","2024-07-10",109.7598,15.9777,14.7888,12.5607,1.4622,2024-07-10 13:45:00,1730,"2024"
"FREX_06","2","2024-07-10",109.7598,15.9777,14.7004,12.5607,1.4622,2024-07-10 16:51:00,1916,"2024"
"FREX_06","2","2024-07-11",109.7598,15.9777,14.3473,12.5607,1.4622,2024-07-11 09:22:00,2907,"2024"
"FREX_07","2","2024-07-09",100.7726,13.6359,13.6385,11.6905,0.6585,2024-07-09 09:00:00,0,"2024"
"FREX_07","2","2024-07-09",100.7726,13.6359,13.6303,11.6905,0.6585,2024-07-09 09:06:00,6,"2024"
"FREX_07","2","2024-07-09",100.7726,13.6359,13.6119,11.6905,0.6585,2024-07-09 09:18:00,18,"2024"
"FREX_07","2","2024-07-09",100.7726,13.6359,13.5933,11.6905,0.6585,2024-07-09 09:27:00,27,"2024"
"FREX_07","2","2024-07-09",100.7726,13.6359,13.5468,11.6905,0.6585,2024-07-09 09:41:00,41,"2024"
"FREX_07","2","2024-07-09",100.7726,13.6359,13.5138,11.6905,0.6585,2024-07-09 09:55:00,55,"2024"
"FREX_07","2","2024-07-09",100.7726,13.6359,13.4921,11.6905,0.6585,2024-07-09 10:17:00,77,"2024"
"FREX_07","2","2024-07-09",100.7726,13.6359,13.4825,11.6905,0.6585,2024-07-09 10:35:00,95,"2024"
"FREX_07","2","2024-07-09",100.7726,13.6359,13.4764,11.6905,0.6585,2024-07-09 10:59:00,119,"2024"
"FREX_07","2","2024-07-09",100.7726,13.6359,13.4675,11.6905,0.6585,2024-07-09 11:23:00,143,"2024"
"FREX_07","2","2024-07-09",100.7726,13.6359,13.4584,11.6905,0.6585,2024-07-09 11:46:00,166,"2024"
"FREX_07","2","2024-07-09",100.7726,13.6359,13.45,11.6905,0.6585,2024-07-09 12:09:00,189,"2024"
"FREX_07","2","2024-07-09",100.7726,13.6359,13.443,11.6905,0.6585,2024-07-09 12:26:00,206,"2024"
"FREX_07","2","2024-07-09",100.7726,13.6359,13.4291,11.6905,0.6585,2024-07-09 13:03:00,243,"2024"
"FREX_07","2","2024-07-09",100.7726,13.6359,13.4192,11.6905,0.6585,2024-07-09 13:31:00,271,"2024"
"FREX_07","2","2024-07-09",100.7726,13.6359,13.4078,11.6905,0.6585,2024-07-09 14:03:00,303,"2024"
"FREX_07","2","2024-07-09",100.7726,13.6359,13.3974,11.6905,0.6585,2024-07-09 14:31:00,331,"2024"
"FREX_07","2","2024-07-09",100.7726,13.6359,13.3865,11.6905,0.6585,2024-07-09 15:01:00,361,"2024"
"FREX_07","2","2024-07-09",100.7726,13.6359,13.3757,11.6905,0.6585,2024-07-09 15:31:00,391,"2024"
"FREX_07","2","2024-07-09",100.7726,13.6359,13.3651,11.6905,0.6585,2024-07-09 16:01:00,421,"2024"
"FREX_07","2","2024-07-09",100.7726,13.6359,13.3549,11.6905,0.6585,2024-07-09 16:30:00,450,"2024"
"FREX_07","2","2024-07-09",100.7726,13.6359,13.3445,11.6905,0.6585,2024-07-09 17:00:00,480,"2024"
"FREX_07","2","2024-07-09",100.7726,13.6359,13.3347,11.6905,0.6585,2024-07-09 17:31:00,511,"2024"
"FREX_07","2","2024-07-09",100.7726,13.6359,13.3243,11.6905,0.6585,2024-07-09 18:01:00,541,"2024"
"FREX_07","2","2024-07-09",100.7726,13.6359,13.3094,11.6905,0.6585,2024-07-09 18:46:00,586,"2024"
"FREX_07","2","2024-07-09",100.7726,13.6359,13.2888,11.6905,0.6585,2024-07-09 19:49:00,649,"2024"
"FREX_07","2","2024-07-09",100.7726,13.6359,13.2181,11.6905,0.6585,2024-07-09 23:24:00,864,"2024"
"FREX_07","2","2024-07-10",100.7726,13.6359,13.0429,11.6905,0.6585,2024-07-10 09:10:00,1450,"2024"
"FREX_07","2","2024-07-10",100.7726,13.6359,12.9688,11.6905,0.6585,2024-07-10 13:44:00,1724,"2024"
"FREX_07","2","2024-07-10",100.7726,13.6359,12.9194,11.6905,0.6585,2024-07-10 16:50:00,1910,"2024"
"FREX_07","2","2024-07-11",100.7726,13.6359,12.6858,11.6905,0.6585,2024-07-11 09:21:00,2901,"2024"
"FREX_08","2","2024-07-09",119.3922,14.0122,14.0161,11.648,0.8468,2024-07-09 09:02:00,0,"2024"
"FREX_08","2","2024-07-09",119.3922,14.0122,14.0042,11.648,0.8468,2024-07-09 09:07:00,5,"2024"
"FREX_08","2","2024-07-09",119.3922,14.0122,13.979,11.648,0.8468,2024-07-09 09:19:00,17,"2024"
"FREX_08","2","2024-07-09",119.3922,14.0122,13.9622,11.648,0.8468,2024-07-09 09:27:00,25,"2024"
"FREX_08","2","2024-07-09",119.3922,14.0122,13.9373,11.648,0.8468,2024-07-09 09:41:00,39,"2024"
"FREX_08","2","2024-07-09",119.3922,14.0122,13.9188,11.648,0.8468,2024-07-09 09:55:00,53,"2024"
"FREX_08","2","2024-07-09",119.3922,14.0122,13.9014,11.648,0.8468,2024-07-09 10:17:00,75,"2024"
"FREX_08","2","2024-07-09",119.3922,14.0122,13.8934,11.648,0.8468,2024-07-09 10:35:00,93,"2024"
"FREX_08","2","2024-07-09",119.3922,14.0122,13.8877,11.648,0.8468,2024-07-09 11:00:00,118,"2024"
"FREX_08","2","2024-07-09",119.3922,14.0122,13.8792,11.648,0.8468,2024-07-09 11:23:00,141,"2024"
"FREX_08","2","2024-07-09",119.3922,14.0122,13.8705,11.648,0.8468,2024-07-09 11:47:00,165,"2024"
"FREX_08","2","2024-07-09",119.3922,14.0122,13.8613,11.648,0.8468,2024-07-09 12:09:00,187,"2024"
"FREX_08","2","2024-07-09",119.3922,14.0122,13.8546,11.648,0.8468,2024-07-09 12:26:00,204,"2024"
"FREX_08","2","2024-07-09",119.3922,14.0122,13.8408,11.648,0.8468,2024-07-09 13:03:00,241,"2024"
"FREX_08","2","2024-07-09",119.3922,14.0122,13.8313,11.648,0.8468,2024-07-09 13:31:00,269,"2024"
"FREX_08","2","2024-07-09",119.3922,14.0122,13.8207,11.648,0.8468,2024-07-09 14:03:00,301,"2024"
"FREX_08","2","2024-07-09",119.3922,14.0122,13.8104,11.648,0.8468,2024-07-09 14:31:00,329,"2024"
"FREX_08","2","2024-07-09",119.3922,14.0122,13.7999,11.648,0.8468,2024-07-09 15:02:00,360,"2024"
"FREX_08","2","2024-07-09",119.3922,14.0122,13.7897,11.648,0.8468,2024-07-09 15:32:00,390,"2024"
"FREX_08","2","2024-07-09",119.3922,14.0122,13.7797,11.648,0.8468,2024-07-09 16:01:00,419,"2024"
"FREX_08","2","2024-07-09",119.3922,14.0122,13.77,11.648,0.8468,2024-07-09 16:31:00,449,"2024"
"FREX_08","2","2024-07-09",119.3922,14.0122,13.7599,11.648,0.8468,2024-07-09 17:01:00,479,"2024"
"FREX_08","2","2024-07-09",119.3922,14.0122,13.75,11.648,0.8468,2024-07-09 17:32:00,510,"2024"
"FREX_08","2","2024-07-09",119.3922,14.0122,13.7402,11.648,0.8468,2024-07-09 18:02:00,540,"2024"
"FREX_08","2","2024-07-09",119.3922,14.0122,13.7262,11.648,0.8468,2024-07-09 18:46:00,584,"2024"
"FREX_08","2","2024-07-09",119.3922,14.0122,13.7062,11.648,0.8468,2024-07-09 19:49:00,647,"2024"
"FREX_08","2","2024-07-09",119.3922,14.0122,13.6416,11.648,0.8468,2024-07-09 23:24:00,862,"2024"
"FREX_08","2","2024-07-10",119.3922,14.0122,13.4815,11.648,0.8468,2024-07-10 09:10:00,1448,"2024"
"FREX_08","2","2024-07-10",119.3922,14.0122,13.4121,11.648,0.8468,2024-07-10 13:44:00,1722,"2024"
"FREX_08","2","2024-07-10",119.3922,14.0122,13.3668,11.648,0.8468,2024-07-10 16:51:00,1909,"2024"
"FREX_08","2","2024-07-11",119.3922,14.0122,13.1388,11.648,0.8468,2024-07-11 09:21:00,2899,"2024"
"FASY_01","2","2024-07-09",24.859,7.9305,7.9357,7.5284,0.1835,2024-07-09 08:39:00,0,"2024"
"FASY_01","2","2024-07-09",24.859,7.9305,7.9313,7.5284,0.1835,2024-07-09 08:48:00,9,"2024"
"FASY_01","2","2024-07-09",24.859,7.9305,7.928,7.5284,0.1835,2024-07-09 08:55:00,16,"2024"
"FASY_01","2","2024-07-09",24.859,7.9305,7.9239,7.5284,0.1835,2024-07-09 09:07:00,28,"2024"
"FASY_01","2","2024-07-09",24.859,7.9305,7.9196,7.5284,0.1835,2024-07-09 09:19:00,40,"2024"
"FASY_01","2","2024-07-09",24.859,7.9305,7.917,7.5284,0.1835,2024-07-09 09:28:00,49,"2024"
"FASY_01","2","2024-07-09",24.859,7.9305,7.9117,7.5284,0.1835,2024-07-09 09:42:00,63,"2024"
"FASY_01","2","2024-07-09",24.859,7.9305,7.9076,7.5284,0.1835,2024-07-09 09:56:00,77,"2024"
"FASY_01","2","2024-07-09",24.859,7.9305,7.9005,7.5284,0.1835,2024-07-09 10:18:00,99,"2024"
"FASY_01","2","2024-07-09",24.859,7.9305,7.8962,7.5284,0.1835,2024-07-09 10:37:00,118,"2024"
"FASY_01","2","2024-07-09",24.859,7.9305,7.8962,7.5284,0.1835,2024-07-09 11:00:00,141,"2024"
"FASY_01","2","2024-07-09",24.859,7.9305,7.8872,7.5284,0.1835,2024-07-09 11:26:00,167,"2024"
"FASY_01","2","2024-07-09",24.859,7.9305,7.8821,7.5284,0.1835,2024-07-09 11:49:00,190,"2024"
"FASY_01","2","2024-07-09",24.859,7.9305,7.8774,7.5284,0.1835,2024-07-09 12:11:00,212,"2024"
"FASY_01","2","2024-07-09",24.859,7.9305,7.8734,7.5284,0.1835,2024-07-09 12:28:00,229,"2024"
"FASY_01","2","2024-07-09",24.859,7.9305,7.8649,7.5284,0.1835,2024-07-09 13:05:00,266,"2024"
"FASY_01","2","2024-07-09",24.859,7.9305,7.8593,7.5284,0.1835,2024-07-09 13:37:00,298,"2024"
"FASY_01","2","2024-07-09",24.859,7.9305,7.8534,7.5284,0.1835,2024-07-09 14:00:00,321,"2024"
"FASY_01","2","2024-07-09",24.859,7.9305,7.8481,7.5284,0.1835,2024-07-09 14:29:00,350,"2024"
"FASY_01","2","2024-07-09",24.859,7.9305,7.8422,7.5284,0.1835,2024-07-09 14:59:00,380,"2024"
"FASY_01","2","2024-07-09",24.859,7.9305,7.8372,7.5284,0.1835,2024-07-09 15:29:00,410,"2024"
"FASY_01","2","2024-07-09",24.859,7.9305,7.8323,7.5284,0.1835,2024-07-09 15:59:00,440,"2024"
"FASY_01","2","2024-07-09",24.859,7.9305,7.8276,7.5284,0.1835,2024-07-09 16:29:00,470,"2024"
"FASY_01","2","2024-07-09",24.859,7.9305,7.8227,7.5284,0.1835,2024-07-09 16:58:00,499,"2024"
"FASY_01","2","2024-07-09",24.859,7.9305,7.8185,7.5284,0.1835,2024-07-09 17:29:00,530,"2024"
"FASY_01","2","2024-07-09",24.859,7.9305,7.8139,7.5284,0.1835,2024-07-09 18:00:00,561,"2024"
"FASY_01","2","2024-07-09",24.859,7.9305,7.8082,7.5284,0.1835,2024-07-09 18:44:00,605,"2024"
"FASY_01","2","2024-07-09",24.859,7.9305,7.7999,7.5284,0.1835,2024-07-09 19:47:00,668,"2024"
"FASY_01","2","2024-07-09",24.859,7.9305,7.776,7.5284,0.1835,2024-07-09 23:22:00,883,"2024"
"FASY_01","2","2024-07-10",24.859,7.9305,7.7402,7.5284,0.1835,2024-07-10 09:08:00,1469,"2024"
"FASY_01","2","2024-07-10",24.859,7.9305,7.7348,7.5284,0.1835,2024-07-10 13:43:00,1744,"2024"
"FASY_01","2","2024-07-10",24.859,7.9305,7.7336,7.5284,0.1835,2024-07-10 16:49:00,1930,"2024"
"FASY_01","2","2024-07-11",24.859,7.9305,7.7323,7.5284,0.1835,2024-07-11 09:19:00,2920,"2024"
"FASY_02","2","2024-07-09",15.6301,8.0398,8.0414,7.7795,0.1145,2024-07-09 08:42:00,0,"2024"
"FASY_02","2","2024-07-09",15.6301,8.0398,8.033,7.7795,0.1145,2024-07-09 08:48:00,6,"2024"
"FASY_02","2","2024-07-09",15.6301,8.0398,8.0312,7.7795,0.1145,2024-07-09 08:56:00,14,"2024"
"FASY_02","2","2024-07-09",15.6301,8.0398,8.0292,7.7795,0.1145,2024-07-09 09:08:00,26,"2024"
"FASY_02","2","2024-07-09",15.6301,8.0398,8.0272,7.7795,0.1145,2024-07-09 09:20:00,38,"2024"
"FASY_02","2","2024-07-09",15.6301,8.0398,8.0252,7.7795,0.1145,2024-07-09 09:28:00,46,"2024"
"FASY_02","2","2024-07-09",15.6301,8.0398,8.0235,7.7795,0.1145,2024-07-09 09:43:00,61,"2024"
"FASY_02","2","2024-07-09",15.6301,8.0398,8.0178,7.7795,0.1145,2024-07-09 10:17:00,95,"2024"
"FASY_02","2","2024-07-09",15.6301,8.0398,8.0168,7.7795,0.1145,2024-07-09 10:37:00,115,"2024"
"FASY_02","2","2024-07-09",15.6301,8.0398,8.0158,7.7795,0.1145,2024-07-09 11:01:00,139,"2024"
"FASY_02","2","2024-07-09",15.6301,8.0398,8.0129,7.7795,0.1145,2024-07-09 11:26:00,164,"2024"
"FASY_02","2","2024-07-09",15.6301,8.0398,8.0102,7.7795,0.1145,2024-07-09 11:49:00,187,"2024"
"FASY_02","2","2024-07-09",15.6301,8.0398,8.0085,7.7795,0.1145,2024-07-09 12:11:00,209,"2024"
"FASY_02","2","2024-07-09",15.6301,8.0398,8.0064,7.7795,0.1145,2024-07-09 12:28:00,226,"2024"
"FASY_02","2","2024-07-09",15.6301,8.0398,8.0024,7.7795,0.1145,2024-07-09 13:05:00,263,"2024"
"FASY_02","2","2024-07-09",15.6301,8.0398,8.0001,7.7795,0.1145,2024-07-09 13:34:00,292,"2024"
"FASY_02","2","2024-07-09",15.6301,8.0398,7.9976,7.7795,0.1145,2024-07-09 14:01:00,319,"2024"
"FASY_02","2","2024-07-09",15.6301,8.0398,7.9944,7.7795,0.1145,2024-07-09 14:29:00,347,"2024"
"FASY_02","2","2024-07-09",15.6301,8.0398,7.9914,7.7795,0.1145,2024-07-09 15:00:00,378,"2024"
"FASY_02","2","2024-07-09",15.6301,8.0398,7.9887,7.7795,0.1145,2024-07-09 15:30:00,408,"2024"
"FASY_02","2","2024-07-09",15.6301,8.0398,7.9857,7.7795,0.1145,2024-07-09 16:00:00,438,"2024"
"FASY_02","2","2024-07-09",15.6301,8.0398,7.9833,7.7795,0.1145,2024-07-09 16:29:00,467,"2024"
"FASY_02","2","2024-07-09",15.6301,8.0398,7.9804,7.7795,0.1145,2024-07-09 16:59:00,497,"2024"
"FASY_02","2","2024-07-09",15.6301,8.0398,7.9779,7.7795,0.1145,2024-07-09 17:29:00,527,"2024"
"FASY_02","2","2024-07-09",15.6301,8.0398,7.9748,7.7795,0.1145,2024-07-09 18:00:00,558,"2024"
"FASY_02","2","2024-07-09",15.6301,8.0398,7.9717,7.7795,0.1145,2024-07-09 18:44:00,602,"2024"
"FASY_02","2","2024-07-09",15.6301,8.0398,7.9666,7.7795,0.1145,2024-07-09 19:47:00,665,"2024"
"FASY_02","2","2024-07-09",15.6301,8.0398,7.9517,7.7795,0.1145,2024-07-09 23:32:00,890,"2024"
"FASY_02","2","2024-07-10",15.6301,8.0398,7.9243,7.7795,0.1145,2024-07-10 09:08:00,1466,"2024"
"FASY_02","2","2024-07-10",15.6301,8.0398,7.912,7.7795,0.1145,2024-07-10 13:43:00,1741,"2024"
"FASY_02","2","2024-07-10",15.6301,8.0398,7.912,7.7795,0.1145,2024-07-10 16:49:00,1927,"2024"
"FASY_02","2","2024-07-11",15.6301,8.0398,7.9039,7.7795,0.1145,2024-07-11 09:20:00,2918,"2024"
"FASY_03","2","2024-07-09",23.5896,8.1376,8.14,7.6946,0.2047,2024-07-09 08:43:00,0,"2024"
"FASY_03","2","2024-07-09",23.5896,8.1376,8.1379,7.6946,0.2047,2024-07-09 08:48:00,5,"2024"
"FASY_03","2","2024-07-09",23.5896,8.1376,8.1339,7.6946,0.2047,2024-07-09 08:56:00,13,"2024"
"FASY_03","2","2024-07-09",23.5896,8.1376,8.1288,7.6946,0.2047,2024-07-09 09:08:00,25,"2024"
"FASY_03","2","2024-07-09",23.5896,8.1376,8.125,7.6946,0.2047,2024-07-09 09:20:00,37,"2024"
"FASY_03","2","2024-07-09",23.5896,8.1376,8.1212,7.6946,0.2047,2024-07-09 09:29:00,46,"2024"
"FASY_03","2","2024-07-09",23.5896,8.1376,8.1159,7.6946,0.2047,2024-07-09 09:43:00,60,"2024"
"FASY_03","2","2024-07-09",23.5896,8.1376,8.1108,7.6946,0.2047,2024-07-09 09:57:00,74,"2024"
"FASY_03","2","2024-07-09",23.5896,8.1376,8.1031,7.6946,0.2047,2024-07-09 10:17:00,94,"2024"
"FASY_03","2","2024-07-09",23.5896,8.1376,8.0991,7.6946,0.2047,2024-07-09 10:38:00,115,"2024"
"FASY_03","2","2024-07-09",23.5896,8.1376,8.0959,7.6946,0.2047,2024-07-09 11:01:00,138,"2024"
"FASY_03","2","2024-07-09",23.5896,8.1376,8.089,7.6946,0.2047,2024-07-09 11:27:00,164,"2024"
"FASY_03","2","2024-07-09",23.5896,8.1376,8.0833,7.6946,0.2047,2024-07-09 11:50:00,187,"2024"
"FASY_03","2","2024-07-09",23.5896,8.1376,8.0788,7.6946,0.2047,2024-07-09 12:11:00,208,"2024"
"FASY_03","2","2024-07-09",23.5896,8.1376,8.0747,7.6946,0.2047,2024-07-09 12:28:00,225,"2024"
"FASY_03","2","2024-07-09",23.5896,8.1376,8.0655,7.6946,0.2047,2024-07-09 13:06:00,263,"2024"
"FASY_03","2","2024-07-09",23.5896,8.1376,8.0594,7.6946,0.2047,2024-07-09 13:34:00,291,"2024"
"FASY_03","2","2024-07-09",23.5896,8.1376,8.0537,7.6946,0.2047,2024-07-09 14:01:00,318,"2024"
"FASY_03","2","2024-07-09",23.5896,8.1376,8.0473,7.6946,0.2047,2024-07-09 14:30:00,347,"2024"
"FASY_03","2","2024-07-09",23.5896,8.1376,8.041,7.6946,0.2047,2024-07-09 15:00:00,377,"2024"
"FASY_03","2","2024-07-09",23.5896,8.1376,8.0346,7.6946,0.2047,2024-07-09 15:30:00,407,"2024"
"FASY_03","2","2024-07-09",23.5896,8.1376,8.0288,7.6946,0.2047,2024-07-09 16:00:00,437,"2024"
"FASY_03","2","2024-07-09",23.5896,8.1376,8.0233,7.6946,0.2047,2024-07-09 16:29:00,466,"2024"
"FASY_03","2","2024-07-09",23.5896,8.1376,8.0179,7.6946,0.2047,2024-07-09 16:59:00,496,"2024"
"FASY_03","2","2024-07-09",23.5896,8.1376,8.0122,7.6946,0.2047,2024-07-09 17:30:00,527,"2024"
"FASY_03","2","2024-07-09",23.5896,8.1376,8.0067,7.6946,0.2047,2024-07-09 18:00:00,557,"2024"
"FASY_03","2","2024-07-09",23.5896,8.1376,7.9997,7.6946,0.2047,2024-07-09 18:45:00,602,"2024"
"FASY_03","2","2024-07-09",23.5896,8.1376,7.99,7.6946,0.2047,2024-07-09 19:48:00,665,"2024"
"FASY_03","2","2024-07-09",23.5896,8.1376,7.9611,7.6946,0.2047,2024-07-09 23:23:00,880,"2024"
"FASY_03","2","2024-07-10",23.5896,8.1376,7.9241,7.6946,0.2047,2024-07-10 09:09:00,1466,"2024"
"FASY_03","2","2024-07-10",23.5896,8.1376,7.9199,7.6946,0.2047,2024-07-10 13:43:00,1740,"2024"
"FASY_03","2","2024-07-10",23.5896,8.1376,7.9191,7.6946,0.2047,2024-07-10 16:49:00,1926,"2024"
"FASY_03","2","2024-07-11",23.5896,8.1376,7.9182,7.6946,0.2047,2024-07-11 09:20:00,2917,"2024"
"FASY_04","2","2024-07-09",31.7439,8.0317,8.0346,7.5432,0.2342,2024-07-09 08:46:00,0,"2024"
"FASY_04","2","2024-07-09",31.7439,8.0317,8.0338,7.5432,0.2342,2024-07-09 08:49:00,3,"2024"
"FASY_04","2","2024-07-09",31.7439,8.0317,8.0322,7.5432,0.2342,2024-07-09 08:57:00,11,"2024"
"FASY_04","2","2024-07-09",31.7439,8.0317,8.0287,7.5432,0.2342,2024-07-09 09:09:00,23,"2024"
"FASY_04","2","2024-07-09",31.7439,8.0317,8.0254,7.5432,0.2342,2024-07-09 09:20:00,34,"2024"
"FASY_04","2","2024-07-09",31.7439,8.0317,8.0237,7.5432,0.2342,2024-07-09 09:29:00,43,"2024"
"FASY_04","2","2024-07-09",31.7439,8.0317,8.0204,7.5432,0.2342,2024-07-09 09:43:00,57,"2024"
"FASY_04","2","2024-07-09",31.7439,8.0317,8.0169,7.5432,0.2342,2024-07-09 09:57:00,71,"2024"
"FASY_04","2","2024-07-09",31.7439,8.0317,8.0126,7.5432,0.2342,2024-07-09 10:19:00,93,"2024"
"FASY_04","2","2024-07-09",31.7439,8.0317,8.0102,7.5432,0.2342,2024-07-09 10:38:00,112,"2024"
"FASY_04","2","2024-07-09",31.7439,8.0317,8.0081,7.5432,0.2342,2024-07-09 11:02:00,136,"2024"
"FASY_04","2","2024-07-09",31.7439,8.0317,8.0037,7.5432,0.2342,2024-07-09 11:28:00,162,"2024"
"FASY_04","2","2024-07-09",31.7439,8.0317,7.9997,7.5432,0.2342,2024-07-09 11:50:00,184,"2024"
"FASY_04","2","2024-07-09",31.7439,8.0317,7.9961,7.5432,0.2342,2024-07-09 12:12:00,206,"2024"
"FASY_04","2","2024-07-09",31.7439,8.0317,7.9931,7.5432,0.2342,2024-07-09 12:29:00,223,"2024"
"FASY_04","2","2024-07-09",31.7439,8.0317,7.9867,7.5432,0.2342,2024-07-09 13:06:00,260,"2024"
"FASY_04","2","2024-07-09",31.7439,8.0317,7.9809,7.5432,0.2342,2024-07-09 13:34:00,288,"2024"
"FASY_04","2","2024-07-09",31.7439,8.0317,7.9775,7.5432,0.2342,2024-07-09 14:02:00,316,"2024"
"FASY_04","2","2024-07-09",31.7439,8.0317,7.9724,7.5432,0.2342,2024-07-09 14:30:00,344,"2024"
"FASY_04","2","2024-07-09",31.7439,8.0317,7.9676,7.5432,0.2342,2024-07-09 15:01:00,375,"2024"
"FASY_04","2","2024-07-09",31.7439,8.0317,7.9619,7.5432,0.2342,2024-07-09 15:30:00,404,"2024"
"FASY_04","2","2024-07-09",31.7439,8.0317,7.9572,7.5432,0.2342,2024-07-09 16:00:00,434,"2024"
"FASY_04","2","2024-07-09",31.7439,8.0317,7.9521,7.5432,0.2342,2024-07-09 16:29:00,463,"2024"
"FASY_04","2","2024-07-09",31.7439,8.0317,7.9474,7.5432,0.2342,2024-07-09 16:59:00,493,"2024"
"FASY_04","2","2024-07-09",31.7439,8.0317,7.9424,7.5432,0.2342,2024-07-09 17:31:00,525,"2024"
"FASY_04","2","2024-07-09",31.7439,8.0317,7.9371,7.5432,0.2342,2024-07-09 18:00:00,554,"2024"
"FASY_04","2","2024-07-09",31.7439,8.0317,7.9308,7.5432,0.2342,2024-07-09 18:45:00,599,"2024"
"FASY_04","2","2024-07-09",31.7439,8.0317,7.9217,7.5432,0.2342,2024-07-09 19:48:00,662,"2024"
"FASY_04","2","2024-07-09",31.7439,8.0317,7.8928,7.5432,0.2342,2024-07-09 23:23:00,877,"2024"
"FASY_04","2","2024-07-10",31.7439,8.0317,7.8186,7.5432,0.2342,2024-07-10 09:09:00,1463,"2024"
"FASY_04","2","2024-07-10",31.7439,8.0317,7.8032,7.5432,0.2342,2024-07-10 13:44:00,1738,"2024"
"FASY_04","2","2024-07-10",31.7439,8.0317,7.7993,7.5432,0.2342,2024-07-10 16:50:00,1924,"2024"
"FASY_04","2","2024-07-11",31.7439,8.0317,7.7972,7.5432,0.2342,2024-07-11 09:20:00,2914,"2024"
"FREX_05","3","2024-08-14",111.8320344,14.0234,14.0278,11.69,0.8622,2024-08-14 08:41:00,0,"2024"
"FREX_05","3","2024-08-14",111.8320344,14.0234,14.0196,11.69,0.8622,2024-08-14 08:48:00,7,"2024"
"FREX_05","3","2024-08-14",111.8320344,14.0234,14.0137,11.69,0.8622,2024-08-14 08:53:00,12,"2024"
"FREX_05","3","2024-08-14",111.8320344,14.0234,14.0067,11.69,0.8622,2024-08-14 09:00:00,19,"2024"
"FREX_05","3","2024-08-14",111.8320344,14.0234,13.9975,11.69,0.8622,2024-08-14 09:08:00,27,"2024"
"FREX_05","3","2024-08-14",111.8320344,14.0234,13.9865,11.69,0.8622,2024-08-14 09:19:00,38,"2024"
"FREX_05","3","2024-08-14",111.8320344,14.0234,13.9768,11.69,0.8622,2024-08-14 09:28:00,47,"2024"
"FREX_05","3","2024-08-14",111.8320344,14.0234,13.9646,11.69,0.8622,2024-08-14 09:41:00,60,"2024"
"FREX_05","3","2024-08-14",111.8320344,14.0234,13.9515,11.69,0.8622,2024-08-14 09:52:00,71,"2024"
"FREX_05","3","2024-08-14",111.8320344,14.0234,13.9294,11.69,0.8622,2024-08-14 10:11:00,90,"2024"
"FREX_05","3","2024-08-14",111.8320344,14.0234,13.907,11.69,0.8622,2024-08-14 10:32:00,111,"2024"
"FREX_05","3","2024-08-14",111.8320344,14.0234,13.8822,11.69,0.8622,2024-08-14 11:02:00,141,"2024"
"FREX_05","3","2024-08-14",111.8320344,14.0234,13.8591,11.69,0.8622,2024-08-14 11:33:00,172,"2024"
"FREX_05","3","2024-08-14",111.8320344,14.0234,13.8385,11.69,0.8622,2024-08-14 12:02:00,201,"2024"
"FREX_05","3","2024-08-14",111.8320344,14.0234,13.82,11.69,0.8622,2024-08-14 12:32:00,231,"2024"
"FREX_05","3","2024-08-14",111.8320344,14.0234,13.802,11.69,0.8622,2024-08-14 13:02:00,261,"2024"
"FREX_05","3","2024-08-14",111.8320344,14.0234,13.7832,11.69,0.8622,2024-08-14 13:33:00,292,"2024"
"FREX_05","3","2024-08-14",111.8320344,14.0234,13.7638,11.69,0.8622,2024-08-14 14:07:00,326,"2024"
"FREX_05","3","2024-08-14",111.8320344,14.0234,13.7482,11.69,0.8622,2024-08-14 14:34:00,353,"2024"
"FREX_05","3","2024-08-14",111.8320344,14.0234,13.7307,11.69,0.8622,2024-08-14 15:02:00,381,"2024"
"FREX_05","3","2024-08-14",111.8320344,14.0234,13.7153,11.69,0.8622,2024-08-14 15:31:00,410,"2024"
"FREX_05","3","2024-08-14",111.8320344,14.0234,13.7005,11.69,0.8622,2024-08-14 16:01:00,440,"2024"
"FREX_05","3","2024-08-14",111.8320344,14.0234,13.6861,11.69,0.8622,2024-08-14 16:31:00,470,"2024"
"FREX_05","3","2024-08-14",111.8320344,14.0234,13.6716,11.69,0.8622,2024-08-14 17:01:00,500,"2024"
"FREX_05","3","2024-08-14",111.8320344,14.0234,13.6556,11.69,0.8622,2024-08-14 17:32:00,531,"2024"
"FREX_05","3","2024-08-14",111.8320344,14.0234,13.6389,11.69,0.8622,2024-08-14 18:03:00,562,"2024"
"FREX_05","3","2024-08-14",111.8320344,14.0234,13.6251,11.69,0.8622,2024-08-14 18:30:00,589,"2024"
"FREX_05","3","2024-08-14",111.8320344,14.0234,13.6094,11.69,0.8622,2024-08-14 19:01:00,620,"2024"
"FREX_05","3","2024-08-14",111.8320344,14.0234,13.5953,11.69,0.8622,2024-08-14 19:30:00,649,"2024"
"FREX_06","3","2024-08-14",97.7546432,15.4777,15.4861,12.5611,1.1316,2024-08-14 08:48:00,0,"2024"
"FREX_06","3","2024-08-14",97.7546432,15.4777,15.4729,12.5611,1.1316,2024-08-14 08:54:00,6,"2024"
"FREX_06","3","2024-08-14",97.7546432,15.4777,15.4585,12.5611,1.1316,2024-08-14 09:00:00,12,"2024"
"FREX_06","3","2024-08-14",97.7546432,15.4777,15.4418,12.5611,1.1316,2024-08-14 09:09:00,21,"2024"
"FREX_06","3","2024-08-14",97.7546432,15.4777,15.4197,12.5611,1.1316,2024-08-14 09:20:00,32,"2024"
"FREX_06","3","2024-08-14",97.7546432,15.4777,15.4007,12.5611,1.1316,2024-08-14 09:28:00,40,"2024"
"FREX_06","3","2024-08-14",97.7546432,15.4777,15.3748,12.5611,1.1316,2024-08-14 09:41:00,53,"2024"
"FREX_06","3","2024-08-14",97.7546432,15.4777,15.3498,12.5611,1.1316,2024-08-14 09:53:00,65,"2024"
"FREX_06","3","2024-08-14",97.7546432,15.4777,15.3088,12.5611,1.1316,2024-08-14 10:12:00,84,"2024"
"FREX_06","3","2024-08-14",97.7546432,15.4777,15.2817,12.5611,1.1316,2024-08-14 10:34:00,106,"2024"
"FREX_06","3","2024-08-14",97.7546432,15.4777,15.2496,12.5611,1.1316,2024-08-14 11:02:00,134,"2024"
"FREX_06","3","2024-08-14",97.7546432,15.4777,15.2243,12.5611,1.1316,2024-08-14 11:33:00,165,"2024"
"FREX_06","3","2024-08-14",97.7546432,15.4777,15.2016,12.5611,1.1316,2024-08-14 12:03:00,195,"2024"
"FREX_06","3","2024-08-14",97.7546432,15.4777,15.1805,12.5611,1.1316,2024-08-14 12:33:00,225,"2024"
"FREX_06","3","2024-08-14",97.7546432,15.4777,15.1594,12.5611,1.1316,2024-08-14 13:03:00,255,"2024"
"FREX_06","3","2024-08-14",97.7546432,15.4777,15.1377,12.5611,1.1316,2024-08-14 13:34:00,286,"2024"
"FREX_06","3","2024-08-14",97.7546432,15.4777,15.1149,12.5611,1.1316,2024-08-14 14:07:00,319,"2024"
"FREX_06","3","2024-08-14",97.7546432,15.4777,15.0965,12.5611,1.1316,2024-08-14 14:34:00,346,"2024"
"FREX_06","3","2024-08-14",97.7546432,15.4777,15.0771,12.5611,1.1316,2024-08-14 15:03:00,375,"2024"
"FREX_06","3","2024-08-14",97.7546432,15.4777,15.0575,12.5611,1.1316,2024-08-14 15:32:00,404,"2024"
"FREX_06","3","2024-08-14",97.7546432,15.4777,15.038,12.5611,1.1316,2024-08-14 16:02:00,434,"2024"
"FREX_06","3","2024-08-14",97.7546432,15.4777,15.0188,12.5611,1.1316,2024-08-14 16:32:00,464,"2024"
"FREX_06","3","2024-08-14",97.7546432,15.4777,14.9995,12.5611,1.1316,2024-08-14 17:01:00,493,"2024"
"FREX_06","3","2024-08-14",97.7546432,15.4777,14.9794,12.5611,1.1316,2024-08-14 17:32:00,524,"2024"
"FREX_06","3","2024-08-14",97.7546432,15.4777,14.9603,12.5611,1.1316,2024-08-14 18:03:00,555,"2024"
"FREX_06","3","2024-08-14",97.7546432,15.4777,14.9438,12.5611,1.1316,2024-08-14 18:31:00,583,"2024"
"FREX_06","3","2024-08-14",97.7546432,15.4777,14.9249,12.5611,1.1316,2024-08-14 19:01:00,613,"2024"
"FREX_06","3","2024-08-14",97.7546432,15.4777,14.9075,12.5611,1.1316,2024-08-14 19:31:00,643,"2024"
"FREX_07","3","2024-08-14",112.5094524,14.6434,14.6456,11.6907,1.253,2024-08-14 08:45:00,0,"2024"
"FREX_07","3","2024-08-14",112.5094524,14.6434,14.6279,11.6907,1.253,2024-08-14 08:50:00,5,"2024"
"FREX_07","3","2024-08-14",112.5094524,14.6434,14.6138,11.6907,1.253,2024-08-14 08:54:00,9,"2024"
"FREX_07","3","2024-08-14",112.5094524,14.6434,14.5934,11.6907,1.253,2024-08-14 09:01:00,16,"2024"
"FREX_07","3","2024-08-14",112.5094524,14.6434,14.5708,11.6907,1.253,2024-08-14 09:09:00,24,"2024"
"FREX_07","3","2024-08-14",112.5094524,14.6434,14.537,11.6907,1.253,2024-08-14 09:20:00,35,"2024"
"FREX_07","3","2024-08-14",112.5094524,14.6434,14.5101,11.6907,1.253,2024-08-14 09:29:00,44,"2024"
"FREX_07","3","2024-08-14",112.5094524,14.6434,14.4744,11.6907,1.253,2024-08-14 09:43:00,58,"2024"
"FREX_07","3","2024-08-14",112.5094524,14.6434,14.441,11.6907,1.253,2024-08-14 09:53:00,68,"2024"
"FREX_07","3","2024-08-14",112.5094524,14.6434,14.3864,11.6907,1.253,2024-08-14 10:13:00,88,"2024"
"FREX_07","3","2024-08-14",112.5094524,14.6434,14.338,11.6907,1.253,2024-08-14 10:34:00,109,"2024"
"FREX_07","3","2024-08-14",112.5094524,14.6434,14.2794,11.6907,1.253,2024-08-14 11:03:00,138,"2024"
"FREX_07","3","2024-08-14",112.5094524,14.6434,14.2175,11.6907,1.253,2024-08-14 11:34:00,169,"2024"
"FREX_07","3","2024-08-14",112.5094524,14.6434,14.1603,11.6907,1.253,2024-08-14 12:04:00,199,"2024"
"FREX_07","3","2024-08-14",112.5094524,14.6434,14.1002,11.6907,1.253,2024-08-14 12:33:00,228,"2024"
"FREX_07","3","2024-08-14",112.5094524,14.6434,14.0462,11.6907,1.253,2024-08-14 13:03:00,258,"2024"
"FREX_07","3","2024-08-14",112.5094524,14.6434,13.9913,11.6907,1.253,2024-08-14 13:34:00,289,"2024"
"FREX_07","3","2024-08-14",112.5094524,14.6434,13.9345,11.6907,1.253,2024-08-14 14:08:00,323,"2024"
"FREX_07","3","2024-08-14",112.5094524,14.6434,13.8893,11.6907,1.253,2024-08-14 14:35:00,350,"2024"
"FREX_07","3","2024-08-14",112.5094524,14.6434,13.8436,11.6907,1.253,2024-08-14 15:03:00,378,"2024"
"FREX_07","3","2024-08-14",112.5094524,14.6434,13.7997,11.6907,1.253,2024-08-14 15:33:00,408,"2024"
"FREX_07","3","2024-08-14",112.5094524,14.6434,13.757,11.6907,1.253,2024-08-14 16:02:00,437,"2024"
"FREX_07","3","2024-08-14",112.5094524,14.6434,13.7168,11.6907,1.253,2024-08-14 16:32:00,467,"2024"
"FREX_07","3","2024-08-14",112.5094524,14.6434,13.6787,11.6907,1.253,2024-08-14 17:02:00,497,"2024"
"FREX_07","3","2024-08-14",112.5094524,14.6434,13.6415,11.6907,1.253,2024-08-14 17:33:00,528,"2024"
"FREX_07","3","2024-08-14",112.5094524,14.6434,13.6089,11.6907,1.253,2024-08-14 18:04:00,559,"2024"
"FREX_07","3","2024-08-14",112.5094524,14.6434,13.5811,11.6907,1.253,2024-08-14 18:31:00,586,"2024"
"FREX_07","3","2024-08-14",112.5094524,14.6434,13.5517,11.6907,1.253,2024-08-14 19:02:00,617,"2024"
"FREX_07","3","2024-08-14",112.5094524,14.6434,13.5258,11.6907,1.253,2024-08-14 19:31:00,646,"2024"
"FREX_08","3","2024-08-14",160.3416148,14.6458,14.6579,11.6487,1.0386,2024-08-14 08:36:00,0,"2024"
"FREX_08","3","2024-08-14",160.3416148,14.6458,14.6457,11.6487,1.0386,2024-08-14 08:41:00,5,"2024"
"FREX_08","3","2024-08-14",160.3416148,14.6458,14.6266,11.6487,1.0386,2024-08-14 08:50:00,14,"2024"
"FREX_08","3","2024-08-14",160.3416148,14.6458,14.6185,11.6487,1.0386,2024-08-14 08:55:00,19,"2024"
"FREX_08","3","2024-08-14",160.3416148,14.6458,14.6023,11.6487,1.0386,2024-08-14 09:02:00,26,"2024"
"FREX_08","3","2024-08-14",160.3416148,14.6458,14.5873,11.6487,1.0386,2024-08-14 09:10:00,34,"2024"
"FREX_08","3","2024-08-14",160.3416148,14.6458,14.5656,11.6487,1.0386,2024-08-14 09:21:00,45,"2024"
"FREX_08","3","2024-08-14",160.3416148,14.6458,14.5499,11.6487,1.0386,2024-08-14 09:29:00,53,"2024"
"FREX_08","3","2024-08-14",160.3416148,14.6458,14.5292,11.6487,1.0386,2024-08-14 09:43:00,67,"2024"
"FREX_08","3","2024-08-14",160.3416148,14.6458,14.5045,11.6487,1.0386,2024-08-14 09:54:00,78,"2024"
"FREX_08","3","2024-08-14",160.3416148,14.6458,14.4679,11.6487,1.0386,2024-08-14 10:13:00,97,"2024"
"FREX_08","3","2024-08-14",160.3416148,14.6458,14.4353,11.6487,1.0386,2024-08-14 10:35:00,119,"2024"
"FREX_08","3","2024-08-14",160.3416148,14.6458,14.3915,11.6487,1.0386,2024-08-14 11:03:00,147,"2024"
"FREX_08","3","2024-08-14",160.3416148,14.6458,14.3447,11.6487,1.0386,2024-08-14 11:34:00,178,"2024"
"FREX_08","3","2024-08-14",160.3416148,14.6458,14.3004,11.6487,1.0386,2024-08-14 12:04:00,208,"2024"
"FREX_08","3","2024-08-14",160.3416148,14.6458,14.2575,11.6487,1.0386,2024-08-14 12:33:00,237,"2024"
"FREX_08","3","2024-08-14",160.3416148,14.6458,14.2146,11.6487,1.0386,2024-08-14 13:04:00,268,"2024"
"FREX_08","3","2024-08-14",160.3416148,14.6458,14.1718,11.6487,1.0386,2024-08-14 13:35:00,299,"2024"
"FREX_08","3","2024-08-14",160.3416148,14.6458,14.1266,11.6487,1.0386,2024-08-14 14:08:00,332,"2024"
"FREX_08","3","2024-08-14",160.3416148,14.6458,14.0904,11.6487,1.0386,2024-08-14 14:35:00,359,"2024"
"FREX_08","3","2024-08-14",160.3416148,14.6458,14.0524,11.6487,1.0386,2024-08-14 15:04:00,388,"2024"
"FREX_08","3","2024-08-14",160.3416148,14.6458,14.0151,11.6487,1.0386,2024-08-14 15:33:00,417,"2024"
"FREX_08","3","2024-08-14",160.3416148,14.6458,13.9768,11.6487,1.0386,2024-08-14 16:03:00,447,"2024"
"FREX_08","3","2024-08-14",160.3416148,14.6458,13.94,11.6487,1.0386,2024-08-14 16:33:00,477,"2024"
"FREX_08","3","2024-08-14",160.3416148,14.6458,13.9034,11.6487,1.0386,2024-08-14 17:03:00,507,"2024"
"FREX_08","3","2024-08-14",160.3416148,14.6458,13.8656,11.6487,1.0386,2024-08-14 17:34:00,538,"2024"
"FREX_08","3","2024-08-14",160.3416148,14.6458,13.83,11.6487,1.0386,2024-08-14 18:04:00,568,"2024"
"FREX_08","3","2024-08-14",160.3416148,14.6458,13.7989,11.6487,1.0386,2024-08-14 18:32:00,596,"2024"
"FREX_08","3","2024-08-14",160.3416148,14.6458,13.7633,11.6487,1.0386,2024-08-14 19:02:00,626,"2024"
"FREX_08","3","2024-08-14",160.3416148,14.6458,13.7314,11.6487,1.0386,2024-08-14 19:32:00,656,"2024"
"FASY_01","3","2024-08-14",20.0838308,7.893,7.8958,7.5292,0.1616,2024-08-14 08:18:00,0,"2024"
"FASY_01","3","2024-08-14",20.0838308,7.893,7.8937,7.5292,0.1616,2024-08-14 08:27:00,9,"2024"
"FASY_01","3","2024-08-14",20.0838308,7.893,7.892,7.5292,0.1616,2024-08-14 08:37:00,19,"2024"
"FASY_01","3","2024-08-14",20.0838308,7.893,7.8889,7.5292,0.1616,2024-08-14 08:51:00,33,"2024"
"FASY_01","3","2024-08-14",20.0838308,7.893,7.8868,7.5292,0.1616,2024-08-14 09:02:00,44,"2024"
"FASY_01","3","2024-08-14",20.0838308,7.893,7.8843,7.5292,0.1616,2024-08-14 09:16:00,58,"2024"
"FASY_01","3","2024-08-14",20.0838308,7.893,7.8815,7.5292,0.1616,2024-08-14 09:30:00,72,"2024"
"FASY_01","3","2024-08-14",20.0838308,7.893,7.877,7.5292,0.1616,2024-08-14 09:55:00,97,"2024"
"FASY_01","3","2024-08-14",20.0838308,7.893,7.8747,7.5292,0.1616,2024-08-14 10:10:00,112,"2024"
"FASY_01","3","2024-08-14",20.0838308,7.893,7.8719,7.5292,0.1616,2024-08-14 10:30:00,132,"2024"
"FASY_01","3","2024-08-14",20.0838308,7.893,7.868,7.5292,0.1616,2024-08-14 10:59:00,161,"2024"
"FASY_01","3","2024-08-14",20.0838308,7.893,7.864,7.5292,0.1616,2024-08-14 11:29:00,191,"2024"
"FASY_01","3","2024-08-14",20.0838308,7.893,7.8594,7.5292,0.1616,2024-08-14 11:59:00,221,"2024"
"FASY_01","3","2024-08-14",20.0838308,7.893,7.8551,7.5292,0.1616,2024-08-14 12:30:00,252,"2024"
"FASY_01","3","2024-08-14",20.0838308,7.893,7.8503,7.5292,0.1616,2024-08-14 13:01:00,283,"2024"
"FASY_01","3","2024-08-14",20.0838308,7.893,7.8459,7.5292,0.1616,2024-08-14 13:31:00,313,"2024"
"FASY_01","3","2024-08-14",20.0838308,7.893,7.8407,7.5292,0.1616,2024-08-14 14:05:00,347,"2024"
"FASY_01","3","2024-08-14",20.0838308,7.893,7.8367,7.5292,0.1616,2024-08-14 14:32:00,374,"2024"
"FASY_01","3","2024-08-14",20.0838308,7.893,7.8321,7.5292,0.1616,2024-08-14 15:01:00,403,"2024"
"FASY_01","3","2024-08-14",20.0838308,7.893,7.8273,7.5292,0.1616,2024-08-14 15:30:00,432,"2024"
"FASY_01","3","2024-08-14",20.0838308,7.893,7.8229,7.5292,0.1616,2024-08-14 15:59:00,461,"2024"
"FASY_01","3","2024-08-14",20.0838308,7.893,7.8183,7.5292,0.1616,2024-08-14 16:29:00,491,"2024"
"FASY_01","3","2024-08-14",20.0838308,7.893,7.8138,7.5292,0.1616,2024-08-14 17:00:00,522,"2024"
"FASY_01","3","2024-08-14",20.0838308,7.893,7.8091,7.5292,0.1616,2024-08-14 17:31:00,553,"2024"
"FASY_01","3","2024-08-14",20.0838308,7.893,7.8045,7.5292,0.1616,2024-08-14 18:01:00,583,"2024"
"FASY_01","3","2024-08-14",20.0838308,7.893,7.8007,7.5292,0.1616,2024-08-14 18:29:00,611,"2024"
"FASY_01","3","2024-08-14",20.0838308,7.893,7.7963,7.5292,0.1616,2024-08-14 18:59:00,641,"2024"
"FASY_01","3","2024-08-14",20.0838308,7.893,7.7921,7.5292,0.1616,2024-08-14 19:29:00,671,"2024"
"FASY_02","3","2024-08-14",12.7677164,8.0037,8.009,7.7804,0.1118,2024-08-14 08:14:00,0,"2024"
"FASY_02","3","2024-08-14",12.7677164,8.0037,8.0074,7.7804,0.1118,2024-08-14 08:28:00,14,"2024"
"FASY_02","3","2024-08-14",12.7677164,8.0037,8.0066,7.7804,0.1118,2024-08-14 08:37:00,23,"2024"
"FASY_02","3","2024-08-14",12.7677164,8.0037,8.0048,7.7804,0.1118,2024-08-14 08:51:00,37,"2024"
"FASY_02","3","2024-08-14",12.7677164,8.0037,8.0039,7.7804,0.1118,2024-08-14 09:03:00,49,"2024"
"FASY_02","3","2024-08-14",12.7677164,8.0037,8.0024,7.7804,0.1118,2024-08-14 09:16:00,62,"2024"
"FASY_02","3","2024-08-14",12.7677164,8.0037,8.0007,7.7804,0.1118,2024-08-14 09:31:00,77,"2024"
"FASY_02","3","2024-08-14",12.7677164,8.0037,7.9981,7.7804,0.1118,2024-08-14 09:55:00,101,"2024"
"FASY_02","3","2024-08-14",12.7677164,8.0037,7.9971,7.7804,0.1118,2024-08-14 10:10:00,116,"2024"
"FASY_02","3","2024-08-14",12.7677164,8.0037,7.9957,7.7804,0.1118,2024-08-14 10:30:00,136,"2024"
"FASY_02","3","2024-08-14",12.7677164,8.0037,7.994,7.7804,0.1118,2024-08-14 10:59:00,165,"2024"
"FASY_02","3","2024-08-14",12.7677164,8.0037,7.9923,7.7804,0.1118,2024-08-14 11:31:00,197,"2024"
"FASY_02","3","2024-08-14",12.7677164,8.0037,7.9902,7.7804,0.1118,2024-08-14 12:00:00,226,"2024"
"FASY_02","3","2024-08-14",12.7677164,8.0037,7.988,7.7804,0.1118,2024-08-14 12:31:00,257,"2024"
"FASY_02","3","2024-08-14",12.7677164,8.0037,7.9859,7.7804,0.1118,2024-08-14 13:01:00,287,"2024"
"FASY_02","3","2024-08-14",12.7677164,8.0037,7.9835,7.7804,0.1118,2024-08-14 13:32:00,318,"2024"
"FASY_02","3","2024-08-14",12.7677164,8.0037,7.9811,7.7804,0.1118,2024-08-14 14:05:00,351,"2024"
"FASY_02","3","2024-08-14",12.7677164,8.0037,7.9786,7.7804,0.1118,2024-08-14 14:32:00,378,"2024"
"FASY_02","3","2024-08-14",12.7677164,8.0037,7.9764,7.7804,0.1118,2024-08-14 15:01:00,407,"2024"
"FASY_02","3","2024-08-14",12.7677164,8.0037,7.9737,7.7804,0.1118,2024-08-14 15:30:00,436,"2024"
"FASY_02","3","2024-08-14",12.7677164,8.0037,7.9714,7.7804,0.1118,2024-08-14 16:00:00,466,"2024"
"FASY_02","3","2024-08-14",12.7677164,8.0037,7.9692,7.7804,0.1118,2024-08-14 16:30:00,496,"2024"
"FASY_02","3","2024-08-14",12.7677164,8.0037,7.9668,7.7804,0.1118,2024-08-14 17:00:00,526,"2024"
"FASY_02","3","2024-08-14",12.7677164,8.0037,7.9641,7.7804,0.1118,2024-08-14 17:31:00,557,"2024"
"FASY_02","3","2024-08-14",12.7677164,8.0037,7.9618,7.7804,0.1118,2024-08-14 18:01:00,587,"2024"
"FASY_02","3","2024-08-14",12.7677164,8.0037,7.9596,7.7804,0.1118,2024-08-14 18:29:00,615,"2024"
"FASY_02","3","2024-08-14",12.7677164,8.0037,7.9575,7.7804,0.1118,2024-08-14 19:00:00,646,"2024"
"FASY_02","3","2024-08-14",12.7677164,8.0037,7.9555,7.7804,0.1118,2024-08-14 19:29:00,675,"2024"
"FASY_03","3","2024-08-14",17.8644804,8.0245,8.0333,7.696,0.1324,2024-08-14 08:21:00,0,"2024"
"FASY_03","3","2024-08-14",17.8644804,8.0245,8.0292,7.696,0.1324,2024-08-14 08:28:00,7,"2024"
"FASY_03","3","2024-08-14",17.8644804,8.0245,8.0242,7.696,0.1324,2024-08-14 08:38:00,17,"2024"
"FASY_03","3","2024-08-14",17.8644804,8.0245,8.0172,7.696,0.1324,2024-08-14 08:52:00,31,"2024"
"FASY_03","3","2024-08-14",17.8644804,8.0245,8.0118,7.696,0.1324,2024-08-14 09:03:00,42,"2024"
"FASY_03","3","2024-08-14",17.8644804,8.0245,8.0051,7.696,0.1324,2024-08-14 09:17:00,56,"2024"
"FASY_03","3","2024-08-14",17.8644804,8.0245,7.9995,7.696,0.1324,2024-08-14 09:31:00,70,"2024"
"FASY_03","3","2024-08-14",17.8644804,8.0245,7.9891,7.696,0.1324,2024-08-14 09:55:00,94,"2024"
"FASY_03","3","2024-08-14",17.8644804,8.0245,7.9831,7.696,0.1324,2024-08-14 10:10:00,109,"2024"
"FASY_03","3","2024-08-14",17.8644804,8.0245,7.9768,7.696,0.1324,2024-08-14 10:31:00,130,"2024"
"FASY_03","3","2024-08-14",17.8644804,8.0245,7.9673,7.696,0.1324,2024-08-14 11:00:00,159,"2024"
"FASY_03","3","2024-08-14",17.8644804,8.0245,7.9582,7.696,0.1324,2024-08-14 11:32:00,191,"2024"
"FASY_03","3","2024-08-14",17.8644804,8.0245,7.9493,7.696,0.1324,2024-08-14 12:01:00,220,"2024"
"FASY_03","3","2024-08-14",17.8644804,8.0245,7.9408,7.696,0.1324,2024-08-14 12:31:00,250,"2024"
"FASY_03","3","2024-08-14",17.8644804,8.0245,7.9335,7.696,0.1324,2024-08-14 13:02:00,281,"2024"
"FASY_03","3","2024-08-14",17.8644804,8.0245,7.9262,7.696,0.1324,2024-08-14 13:32:00,311,"2024"
"FASY_03","3","2024-08-14",17.8644804,8.0245,7.9194,7.696,0.1324,2024-08-14 14:06:00,345,"2024"
"FASY_03","3","2024-08-14",17.8644804,8.0245,7.914,7.696,0.1324,2024-08-14 14:33:00,372,"2024"
"FASY_03","3","2024-08-14",17.8644804,8.0245,7.909,7.696,0.1324,2024-08-14 15:02:00,401,"2024"
"FASY_03","3","2024-08-14",17.8644804,8.0245,7.9038,7.696,0.1324,2024-08-14 15:31:00,430,"2024"
"FASY_03","3","2024-08-14",17.8644804,8.0245,7.8998,7.696,0.1324,2024-08-14 16:00:00,459,"2024"
"FASY_03","3","2024-08-14",17.8644804,8.0245,7.8959,7.696,0.1324,2024-08-14 16:30:00,489,"2024"
"FASY_03","3","2024-08-14",17.8644804,8.0245,7.8924,7.696,0.1324,2024-08-14 17:01:00,520,"2024"
"FASY_03","3","2024-08-14",17.8644804,8.0245,7.8884,7.696,0.1324,2024-08-14 17:32:00,551,"2024"
"FASY_03","3","2024-08-14",17.8644804,8.0245,7.8855,7.696,0.1324,2024-08-14 18:02:00,581,"2024"
"FASY_03","3","2024-08-14",17.8644804,8.0245,7.8823,7.696,0.1324,2024-08-14 18:30:00,609,"2024"
"FASY_03","3","2024-08-14",17.8644804,8.0245,7.88,7.696,0.1324,2024-08-14 19:00:00,639,"2024"
"FASY_03","3","2024-08-14",17.8644804,8.0245,7.8773,7.696,0.1324,2024-08-14 19:29:00,668,"2024"
"FASY_04","3","2024-08-14",27.4451064,7.8858,7.889,7.5449,0.1511,2024-08-14 08:25:00,0,"2024"
"FASY_04","3","2024-08-14",27.4451064,7.8858,7.8884,7.5449,0.1511,2024-08-14 08:29:00,4,"2024"
"FASY_04","3","2024-08-14",27.4451064,7.8858,7.887,7.5449,0.1511,2024-08-14 08:38:00,13,"2024"
"FASY_04","3","2024-08-14",27.4451064,7.8858,7.8842,7.5449,0.1511,2024-08-14 08:52:00,27,"2024"
"FASY_04","3","2024-08-14",27.4451064,7.8858,7.8823,7.5449,0.1511,2024-08-14 09:04:00,39,"2024"
"FASY_04","3","2024-08-14",27.4451064,7.8858,7.8797,7.5449,0.1511,2024-08-14 09:17:00,52,"2024"
"FASY_04","3","2024-08-14",27.4451064,7.8858,7.8775,7.5449,0.1511,2024-08-14 09:31:00,66,"2024"
"FASY_04","3","2024-08-14",27.4451064,7.8858,7.8731,7.5449,0.1511,2024-08-14 09:56:00,91,"2024"
"FASY_04","3","2024-08-14",27.4451064,7.8858,7.871,7.5449,0.1511,2024-08-14 10:11:00,106,"2024"
"FASY_04","3","2024-08-14",27.4451064,7.8858,7.8681,7.5449,0.1511,2024-08-14 10:32:00,127,"2024"
"FASY_04","3","2024-08-14",27.4451064,7.8858,7.8652,7.5449,0.1511,2024-08-14 11:01:00,156,"2024"
"FASY_04","3","2024-08-14",27.4451064,7.8858,7.8615,7.5449,0.1511,2024-08-14 11:32:00,187,"2024"
"FASY_04","3","2024-08-14",27.4451064,7.8858,7.8577,7.5449,0.1511,2024-08-14 12:02:00,217,"2024"
"FASY_04","3","2024-08-14",27.4451064,7.8858,7.8538,7.5449,0.1511,2024-08-14 12:32:00,247,"2024"
"FASY_04","3","2024-08-14",27.4451064,7.8858,7.8497,7.5449,0.1511,2024-08-14 13:03:00,278,"2024"
"FASY_04","3","2024-08-14",27.4451064,7.8858,7.8457,7.5449,0.1511,2024-08-14 13:33:00,308,"2024"
"FASY_04","3","2024-08-14",27.4451064,7.8858,7.8407,7.5449,0.1511,2024-08-14 14:06:00,341,"2024"
"FASY_04","3","2024-08-14",27.4451064,7.8858,7.837,7.5449,0.1511,2024-08-14 14:33:00,368,"2024"
"FASY_04","3","2024-08-14",27.4451064,7.8858,7.8331,7.5449,0.1511,2024-08-14 15:02:00,397,"2024"
"FASY_04","3","2024-08-14",27.4451064,7.8858,7.8291,7.5449,0.1511,2024-08-14 15:31:00,426,"2024"
"FASY_04","3","2024-08-14",27.4451064,7.8858,7.8248,7.5449,0.1511,2024-08-14 16:01:00,456,"2024"
"FASY_04","3","2024-08-14",27.4451064,7.8858,7.821,7.5449,0.1511,2024-08-14 16:31:00,486,"2024"
"FASY_04","3","2024-08-14",27.4451064,7.8858,7.8167,7.5449,0.1511,2024-08-14 17:01:00,516,"2024"
"FASY_04","3","2024-08-14",27.4451064,7.8858,7.8123,7.5449,0.1511,2024-08-14 17:32:00,547,"2024"
"FASY_04","3","2024-08-14",27.4451064,7.8858,7.8082,7.5449,0.1511,2024-08-14 18:02:00,577,"2024"
"FASY_04","3","2024-08-14",27.4451064,7.8858,7.8045,7.5449,0.1511,2024-08-14 18:30:00,605,"2024"
"FASY_04","3","2024-08-14",27.4451064,7.8858,7.8001,7.5449,0.1511,2024-08-14 19:01:00,636,"2024"
"FASY_04","3","2024-08-14",27.4451064,7.8858,7.7965,7.5449,0.1511,2024-08-14 19:30:00,665,"2024"
"FREX_05","4","2024-09-24",100.364,14.4982,14.5063,11.9611,1.2157,2024-09-24 09:59:00,0,"2024"
"FREX_05","4","2024-09-24",100.364,14.4982,14.4683,11.9611,1.2157,2024-09-24 10:09:00,10,"2024"
"FREX_05","4","2024-09-24",100.364,14.4982,14.4353,11.9611,1.2157,2024-09-24 10:17:00,18,"2024"
"FREX_05","4","2024-09-24",100.364,14.4982,14.3962,11.9611,1.2157,2024-09-24 10:27:00,28,"2024"
"FREX_05","4","2024-09-24",100.364,14.4982,14.3731,11.9611,1.2157,2024-09-24 10:35:00,36,"2024"
"FREX_05","4","2024-09-24",100.364,14.4982,14.3497,11.9611,1.2157,2024-09-24 10:42:00,43,"2024"
"FREX_05","4","2024-09-24",100.364,14.4982,14.3134,11.9611,1.2157,2024-09-24 10:54:00,55,"2024"
"FREX_05","4","2024-09-24",100.364,14.4982,14.2672,11.9611,1.2157,2024-09-24 11:09:00,70,"2024"
"FREX_05","4","2024-09-24",100.364,14.4982,14.2382,11.9611,1.2157,2024-09-24 11:20:00,81,"2024"
"FREX_05","4","2024-09-24",100.364,14.4982,14.1575,11.9611,1.2157,2024-09-24 11:51:00,112,"2024"
"FREX_05","4","2024-09-24",100.364,14.4982,14.0754,11.9611,1.2157,2024-09-24 12:23:00,144,"2024"
"FREX_05","4","2024-09-24",100.364,14.4982,14.0133,11.9611,1.2157,2024-09-24 12:51:00,172,"2024"
"FREX_05","4","2024-09-24",100.364,14.4982,13.9409,11.9611,1.2157,2024-09-24 13:24:00,205,"2024"
"FREX_05","4","2024-09-24",100.364,14.4982,13.8977,11.9611,1.2157,2024-09-24 13:45:00,226,"2024"
"FREX_05","4","2024-09-24",100.364,14.4982,13.8608,11.9611,1.2157,2024-09-24 14:04:00,245,"2024"
"FREX_05","4","2024-09-24",100.364,14.4982,13.8025,11.9611,1.2157,2024-09-24 14:34:00,275,"2024"
"FREX_05","4","2024-09-24",100.364,14.4982,13.7543,11.9611,1.2157,2024-09-24 15:01:00,302,"2024"
"FREX_05","4","2024-09-24",100.364,14.4982,13.7011,11.9611,1.2157,2024-09-24 15:32:00,333,"2024"
"FREX_05","4","2024-09-24",100.364,14.4982,13.6535,11.9611,1.2157,2024-09-24 16:02:00,363,"2024"
"FREX_05","4","2024-09-24",100.364,14.4982,13.6083,11.9611,1.2157,2024-09-24 16:33:00,394,"2024"
"FREX_05","4","2024-09-24",100.364,14.4982,13.5705,11.9611,1.2157,2024-09-24 17:01:00,422,"2024"
"FREX_05","4","2024-09-24",100.364,14.4982,13.5331,11.9611,1.2157,2024-09-24 17:32:00,453,"2024"
"FREX_05","4","2024-09-24",100.364,14.4982,13.4955,11.9611,1.2157,2024-09-24 18:03:00,484,"2024"
"FREX_05","4","2024-09-24",100.364,14.4982,13.463,11.9611,1.2157,2024-09-24 18:34:00,515,"2024"
"FREX_05","4","2024-09-24",100.364,14.4982,13.435,11.9611,1.2157,2024-09-24 19:02:00,543,"2024"
"FREX_05","4","2024-09-24",100.364,14.4982,13.4077,11.9611,1.2157,2024-09-24 19:32:00,573,"2024"
"FREX_06","4","2024-09-24",198.3778,16.8253,16.8253,11.6908,2.0902,2024-09-24 10:24:00,0,"2024"
"FREX_06","4","2024-09-24",198.3778,16.8253,16.773,11.6908,2.0902,2024-09-24 10:28:00,4,"2024"
"FREX_06","4","2024-09-24",198.3778,16.8253,16.7275,11.6908,2.0902,2024-09-24 10:34:00,10,"2024"
"FREX_06","4","2024-09-24",198.3778,16.8253,16.66,11.6908,2.0902,2024-09-24 10:43:00,19,"2024"
"FREX_06","4","2024-09-24",198.3778,16.8253,16.583,11.6908,2.0902,2024-09-24 10:54:00,30,"2024"
"FREX_06","4","2024-09-24",198.3778,16.8253,16.481,11.6908,2.0902,2024-09-24 11:10:00,46,"2024"
"FREX_06","4","2024-09-24",198.3778,16.8253,16.4075,11.6908,2.0902,2024-09-24 11:21:00,57,"2024"
"FREX_06","4","2024-09-24",198.3778,16.8253,16.2186,11.6908,2.0902,2024-09-24 11:52:00,88,"2024"
"FREX_06","4","2024-09-24",198.3778,16.8253,16.0326,11.6908,2.0902,2024-09-24 12:24:00,120,"2024"
"FREX_06","4","2024-09-24",198.3778,16.8253,15.8854,11.6908,2.0902,2024-09-24 12:52:00,148,"2024"
"FREX_06","4","2024-09-24",198.3778,16.8253,15.7211,11.6908,2.0902,2024-09-24 13:25:00,181,"2024"
"FREX_06","4","2024-09-24",198.3778,16.8253,15.6219,11.6908,2.0902,2024-09-24 13:45:00,201,"2024"
"FREX_06","4","2024-09-24",198.3778,16.8253,15.5367,11.6908,2.0902,2024-09-24 14:05:00,221,"2024"
"FREX_06","4","2024-09-24",198.3778,16.8253,15.4074,11.6908,2.0902,2024-09-24 14:35:00,251,"2024"
"FREX_06","4","2024-09-24",198.3778,16.8253,15.2993,11.6908,2.0902,2024-09-24 15:02:00,278,"2024"
"FREX_06","4","2024-09-24",198.3778,16.8253,15.1827,11.6908,2.0902,2024-09-24 15:32:00,308,"2024"
"FREX_06","4","2024-09-24",198.3778,16.8253,15.0794,11.6908,2.0902,2024-09-24 16:02:00,338,"2024"
"FREX_06","4","2024-09-24",198.3778,16.8253,14.9838,11.6908,2.0902,2024-09-24 16:34:00,370,"2024"
"FREX_06","4","2024-09-24",198.3778,16.8253,14.9064,11.6908,2.0902,2024-09-24 17:05:00,401,"2024"
"FREX_06","4","2024-09-24",198.3778,16.8253,14.8288,11.6908,2.0902,2024-09-24 17:32:00,428,"2024"
"FREX_06","4","2024-09-24",198.3778,16.8253,14.7555,11.6908,2.0902,2024-09-24 18:03:00,459,"2024"
"FREX_06","4","2024-09-24",198.3778,16.8253,14.6931,11.6908,2.0902,2024-09-24 18:34:00,490,"2024"
"FREX_06","4","2024-09-24",198.3778,16.8253,14.641,11.6908,2.0902,2024-09-24 19:03:00,519,"2024"
"FREX_06","4","2024-09-24",198.3778,16.8253,14.5904,11.6908,2.0902,2024-09-24 19:33:00,549,"2024"
"FREX_07","4","2024-09-24",134.7017,15.7802,15.7822,12.563,1.3404,2024-09-24 10:02:00,0,"2024"
"FREX_07","4","2024-09-24",134.7017,15.7802,15.75,12.563,1.3404,2024-09-24 10:09:00,7,"2024"
"FREX_07","4","2024-09-24",134.7017,15.7802,15.7156,12.563,1.3404,2024-09-24 10:18:00,16,"2024"
"FREX_07","4","2024-09-24",134.7017,15.7802,15.6801,12.563,1.3404,2024-09-24 10:27:00,25,"2024"
"FREX_07","4","2024-09-24",134.7017,15.7802,15.6562,12.563,1.3404,2024-09-24 10:35:00,33,"2024"
"FREX_07","4","2024-09-24",134.7017,15.7802,15.6371,12.563,1.3404,2024-09-24 10:42:00,40,"2024"
"FREX_07","4","2024-09-24",134.7017,15.7802,15.6101,12.563,1.3404,2024-09-24 10:54:00,52,"2024"
"FREX_07","4","2024-09-24",134.7017,15.7802,15.5782,12.563,1.3404,2024-09-24 11:09:00,67,"2024"
"FREX_07","4","2024-09-24",134.7017,15.7802,15.558,12.563,1.3404,2024-09-24 11:21:00,79,"2024"
"FREX_07","4","2024-09-24",134.7017,15.7802,15.5027,12.563,1.3404,2024-09-24 11:52:00,110,"2024"
"FREX_07","4","2024-09-24",134.7017,15.7802,15.4502,12.563,1.3404,2024-09-24 12:24:00,142,"2024"
"FREX_07","4","2024-09-24",134.7017,15.7802,15.4016,12.563,1.3404,2024-09-24 12:51:00,169,"2024"
"FREX_07","4","2024-09-24",134.7017,15.7802,15.3566,12.563,1.3404,2024-09-24 13:24:00,202,"2024"
"FREX_07","4","2024-09-24",134.7017,15.7802,15.325,12.563,1.3404,2024-09-24 13:45:00,223,"2024"
"FREX_07","4","2024-09-24",134.7017,15.7802,15.2875,12.563,1.3404,2024-09-24 14:04:00,242,"2024"
"FREX_07","4","2024-09-24",134.7017,15.7802,15.2598,12.563,1.3404,2024-09-24 14:34:00,272,"2024"
"FREX_07","4","2024-09-24",134.7017,15.7802,15.2176,12.563,1.3404,2024-09-24 15:01:00,299,"2024"
"FREX_07","4","2024-09-24",134.7017,15.7802,15.1743,12.563,1.3404,2024-09-24 15:32:00,330,"2024"
"FREX_07","4","2024-09-24",134.7017,15.7802,15.1328,12.563,1.3404,2024-09-24 16:02:00,360,"2024"
"FREX_07","4","2024-09-24",134.7017,15.7802,15.092,12.563,1.3404,2024-09-24 16:34:00,392,"2024"
"FREX_07","4","2024-09-24",134.7017,15.7802,15.0556,12.563,1.3404,2024-09-24 17:02:00,420,"2024"
"FREX_07","4","2024-09-24",134.7017,15.7802,15.0156,12.563,1.3404,2024-09-24 17:32:00,450,"2024"
"FREX_07","4","2024-09-24",134.7017,15.7802,14.975,12.563,1.3404,2024-09-24 18:03:00,481,"2024"
"FREX_07","4","2024-09-24",134.7017,15.7802,14.938,12.563,1.3404,2024-09-24 18:34:00,512,"2024"
"FREX_07","4","2024-09-24",134.7017,15.7802,14.904,12.563,1.3404,2024-09-24 19:03:00,541,"2024"
"FREX_07","4","2024-09-24",134.7017,15.7802,14.8692,12.563,1.3404,2024-09-24 19:33:00,571,"2024"
"FREX_08","4","2024-09-24",125.4848,14.5291,14.5295,11.6581,1.3077,2024-09-24 10:06:00,0,"2024"
"FREX_08","4","2024-09-24",125.4848,14.5291,14.5033,11.6581,1.3077,2024-09-24 10:10:00,4,"2024"
"FREX_08","4","2024-09-24",125.4848,14.5291,14.4523,11.6581,1.3077,2024-09-24 10:18:00,12,"2024"
"FREX_08","4","2024-09-24",125.4848,14.5291,14.4,11.6581,1.3077,2024-09-24 10:28:00,22,"2024"
"FREX_08","4","2024-09-24",125.4848,14.5291,14.2824,11.6581,1.3077,2024-09-24 10:55:00,49,"2024"
"FREX_08","4","2024-09-24",125.4848,14.5291,14.1707,11.6581,1.3077,2024-09-24 11:10:00,64,"2024"
"FREX_08","4","2024-09-24",125.4848,14.5291,14.1825,11.6581,1.3077,2024-09-24 11:22:00,76,"2024"
"FREX_08","4","2024-09-24",125.4848,14.5291,14.081,11.6581,1.3077,2024-09-24 11:52:00,106,"2024"
"FREX_08","4","2024-09-24",125.4848,14.5291,13.9559,11.6581,1.3077,2024-09-24 12:24:00,138,"2024"
"FREX_08","4","2024-09-24",125.4848,14.5291,13.9112,11.6581,1.3077,2024-09-24 12:52:00,166,"2024"
"FREX_08","4","2024-09-24",125.4848,14.5291,13.829,11.6581,1.3077,2024-09-24 13:25:00,199,"2024"
"FREX_08","4","2024-09-24",125.4848,14.5291,13.7825,11.6581,1.3077,2024-09-24 13:46:00,220,"2024"
"FREX_08","4","2024-09-24",125.4848,14.5291,13.7447,11.6581,1.3077,2024-09-24 14:05:00,239,"2024"
"FREX_08","4","2024-09-24",125.4848,14.5291,13.688,11.6581,1.3077,2024-09-24 14:35:00,269,"2024"
"FREX_08","4","2024-09-24",125.4848,14.5291,13.6407,11.6581,1.3077,2024-09-24 15:02:00,296,"2024"
"FREX_08","4","2024-09-24",125.4848,14.5291,13.5905,11.6581,1.3077,2024-09-24 15:33:00,327,"2024"
"FREX_08","4","2024-09-24",125.4848,14.5291,13.5032,11.6581,1.3077,2024-09-24 16:02:00,356,"2024"
"FREX_08","4","2024-09-24",125.4848,14.5291,13.4667,11.6581,1.3077,2024-09-24 17:02:00,416,"2024"
"FREX_08","4","2024-09-24",125.4848,14.5291,13.4291,11.6581,1.3077,2024-09-24 17:33:00,447,"2024"
"FREX_08","4","2024-09-24",125.4848,14.5291,13.3931,11.6581,1.3077,2024-09-24 18:05:00,479,"2024"
"FREX_08","4","2024-09-24",125.4848,14.5291,13.3621,11.6581,1.3077,2024-09-24 18:35:00,509,"2024"
"FREX_08","4","2024-09-24",125.4848,14.5291,13.3358,11.6581,1.3077,2024-09-24 19:04:00,538,"2024"
"FREX_08","4","2024-09-24",125.4848,14.5291,13.3094,11.6581,1.3077,2024-09-24 19:34:00,568,"2024"
"FASY_01","4","2024-09-24",22.5749,7.9902,7.9979,7.5277,0.2334,2024-09-24 09:44:00,0,"2024"
"FASY_01","4","2024-09-24",22.5749,7.9902,7.9919,7.5277,0.2334,2024-09-24 09:54:00,10,"2024"
"FASY_01","4","2024-09-24",22.5749,7.9902,7.9866,7.5277,0.2334,2024-09-24 10:07:00,23,"2024"
"FASY_01","4","2024-09-24",22.5749,7.9902,7.9845,7.5277,0.2334,2024-09-24 10:15:00,31,"2024"
"FASY_01","4","2024-09-24",22.5749,7.9902,7.9766,7.5277,0.2334,2024-09-24 10:33:00,49,"2024"
"FASY_01","4","2024-09-24",22.5749,7.9902,7.9743,7.5277,0.2334,2024-09-24 10:44:00,60,"2024"
"FASY_01","4","2024-09-24",22.5749,7.9902,7.9692,7.5277,0.2334,2024-09-24 11:11:00,87,"2024"
"FASY_01","4","2024-09-24",22.5749,7.9902,7.9634,7.5277,0.2334,2024-09-24 11:22:00,98,"2024"
"FASY_01","4","2024-09-24",22.5749,7.9902,7.959,7.5277,0.2334,2024-09-24 11:50:00,126,"2024"
"FASY_01","4","2024-09-24",22.5749,7.9902,7.9515,7.5277,0.2334,2024-09-24 12:22:00,158,"2024"
"FASY_01","4","2024-09-24",22.5749,7.9902,7.9445,7.5277,0.2334,2024-09-24 12:49:00,185,"2024"
"FASY_01","4","2024-09-24",22.5749,7.9902,7.9365,7.5277,0.2334,2024-09-24 13:22:00,218,"2024"
"FASY_01","4","2024-09-24",22.5749,7.9902,7.9315,7.5277,0.2334,2024-09-24 13:43:00,239,"2024"
"FASY_01","4","2024-09-24",22.5749,7.9902,7.9273,7.5277,0.2334,2024-09-24 14:02:00,258,"2024"
"FASY_01","4","2024-09-24",22.5749,7.9902,7.9203,7.5277,0.2334,2024-09-24 14:33:00,289,"2024"
"FASY_01","4","2024-09-24",22.5749,7.9902,7.9143,7.5277,0.2334,2024-09-24 14:59:00,315,"2024"
"FASY_01","4","2024-09-24",22.5749,7.9902,7.9074,7.5277,0.2334,2024-09-24 15:30:00,346,"2024"
"FASY_01","4","2024-09-24",22.5749,7.9902,7.901,7.5277,0.2334,2024-09-24 16:00:00,376,"2024"
"FASY_01","4","2024-09-24",22.5749,7.9902,7.8941,7.5277,0.2334,2024-09-24 16:32:00,408,"2024"
"FASY_01","4","2024-09-24",22.5749,7.9902,7.8887,7.5277,0.2334,2024-09-24 16:59:00,435,"2024"
"FASY_01","4","2024-09-24",22.5749,7.9902,7.8821,7.5277,0.2334,2024-09-24 17:30:00,466,"2024"
"FASY_01","4","2024-09-24",22.5749,7.9902,7.8758,7.5277,0.2334,2024-09-24 18:02:00,498,"2024"
"FASY_01","4","2024-09-24",22.5749,7.9902,7.8695,7.5277,0.2334,2024-09-24 18:32:00,528,"2024"
"FASY_01","4","2024-09-24",22.5749,7.9902,7.8653,7.5277,0.2334,2024-09-24 19:01:00,557,"2024"
"FASY_01","4","2024-09-24",22.5749,7.9902,7.8596,7.5277,0.2334,2024-09-24 19:30:00,586,"2024"
"FASY_02","4","2024-09-24",9.6309,7.9703,7.9776,7.7782,0.0941,2024-09-24 09:46:00,0,"2024"
"FASY_02","4","2024-09-24",9.6309,7.9703,7.9744,7.7782,0.0941,2024-09-24 09:55:00,9,"2024"
"FASY_02","4","2024-09-24",9.6309,7.9703,7.9691,7.7782,0.0941,2024-09-24 10:07:00,21,"2024"
"FASY_02","4","2024-09-24",9.6309,7.9703,7.9673,7.7782,0.0941,2024-09-24 10:16:00,30,"2024"
"FASY_02","4","2024-09-24",9.6309,7.9703,7.9654,7.7782,0.0941,2024-09-24 10:33:00,47,"2024"
"FASY_02","4","2024-09-24",9.6309,7.9703,7.9645,7.7782,0.0941,2024-09-24 10:44:00,58,"2024"
"FASY_02","4","2024-09-24",9.6309,7.9703,7.9609,7.7782,0.0941,2024-09-24 11:11:00,85,"2024"
"FASY_02","4","2024-09-24",9.6309,7.9703,7.9611,7.7782,0.0941,2024-09-24 11:22:00,96,"2024"
"FASY_02","4","2024-09-24",9.6309,7.9703,7.9575,7.7782,0.0941,2024-09-24 11:50:00,124,"2024"
"FASY_02","4","2024-09-24",9.6309,7.9703,7.953,7.7782,0.0941,2024-09-24 12:22:00,156,"2024"
"FASY_02","4","2024-09-24",9.6309,7.9703,7.9498,7.7782,0.0941,2024-09-24 12:49:00,183,"2024"
"FASY_02","4","2024-09-24",9.6309,7.9703,7.946,7.7782,0.0941,2024-09-24 13:23:00,217,"2024"
"FASY_02","4","2024-09-24",9.6309,7.9703,7.9435,7.7782,0.0941,2024-09-24 13:43:00,237,"2024"
"FASY_02","4","2024-09-24",9.6309,7.9703,7.9408,7.7782,0.0941,2024-09-24 14:02:00,256,"2024"
"FASY_02","4","2024-09-24",9.6309,7.9703,7.9377,7.7782,0.0941,2024-09-24 14:33:00,287,"2024"
"FASY_02","4","2024-09-24",9.6309,7.9703,7.9347,7.7782,0.0941,2024-09-24 14:59:00,313,"2024"
"FASY_02","4","2024-09-24",9.6309,7.9703,7.9313,7.7782,0.0941,2024-09-24 15:30:00,344,"2024"
"FASY_02","4","2024-09-24",9.6309,7.9703,7.9279,7.7782,0.0941,2024-09-24 16:00:00,374,"2024"
"FASY_02","4","2024-09-24",9.6309,7.9703,7.9254,7.7782,0.0941,2024-09-24 16:33:00,407,"2024"
"FASY_02","4","2024-09-24",9.6309,7.9703,7.9228,7.7782,0.0941,2024-09-24 17:00:00,434,"2024"
"FASY_02","4","2024-09-24",9.6309,7.9703,7.9195,7.7782,0.0941,2024-09-24 17:30:00,464,"2024"
"FASY_02","4","2024-09-24",9.6309,7.9703,7.9173,7.7782,0.0941,2024-09-24 18:02:00,496,"2024"
"FASY_02","4","2024-09-24",9.6309,7.9703,7.915,7.7782,0.0941,2024-09-24 18:33:00,527,"2024"
"FASY_02","4","2024-09-24",9.6309,7.9703,7.913,7.7782,0.0941,2024-09-24 19:02:00,556,"2024"
"FASY_02","4","2024-09-24",9.6309,7.9703,7.9102,7.7782,0.0941,2024-09-24 19:31:00,585,"2024"
"FASY_03","4","2024-09-24",23.1025,7.9212,7.924,7.4655,0.2339,2024-09-24 09:48:00,0,"2024"
"FASY_03","4","2024-09-24",23.1025,7.9212,7.9188,7.4655,0.2339,2024-09-24 09:55:00,7,"2024"
"FASY_03","4","2024-09-24",23.1025,7.9212,7.9105,7.4655,0.2339,2024-09-24 10:08:00,20,"2024"
"FASY_03","4","2024-09-24",23.1025,7.9212,7.9067,7.4655,0.2339,2024-09-24 10:16:00,28,"2024"
"FASY_03","4","2024-09-24",23.1025,7.9212,7.8995,7.4655,0.2339,2024-09-24 10:33:00,45,"2024"
"FASY_03","4","2024-09-24",23.1025,7.9212,7.8956,7.4655,0.2339,2024-09-24 10:45:00,57,"2024"
"FASY_03","4","2024-09-24",23.1025,7.9212,7.8815,7.4655,0.2339,2024-09-24 11:11:00,83,"2024"
"FASY_03","4","2024-09-24",23.1025,7.9212,7.8736,7.4655,0.2339,2024-09-24 11:50:00,122,"2024"
"FASY_03","4","2024-09-24",23.1025,7.9212,7.8631,7.4655,0.2339,2024-09-24 12:23:00,155,"2024"
"FASY_03","4","2024-09-24",23.1025,7.9212,7.8535,7.4655,0.2339,2024-09-24 12:50:00,182,"2024"
"FASY_03","4","2024-09-24",23.1025,7.9212,7.8428,7.4655,0.2339,2024-09-24 13:23:00,215,"2024"
"FASY_03","4","2024-09-24",23.1025,7.9212,7.8357,7.4655,0.2339,2024-09-24 13:44:00,236,"2024"
"FASY_03","4","2024-09-24",23.1025,7.9212,7.8298,7.4655,0.2339,2024-09-24 14:03:00,255,"2024"
"FASY_03","4","2024-09-24",23.1025,7.9212,7.8206,7.4655,0.2339,2024-09-24 14:34:00,286,"2024"
"FASY_03","4","2024-09-24",23.1025,7.9212,7.8125,7.4655,0.2339,2024-09-24 15:00:00,312,"2024"
"FASY_03","4","2024-09-24",23.1025,7.9212,7.8034,7.4655,0.2339,2024-09-24 15:31:00,343,"2024"
"FASY_03","4","2024-09-24",23.1025,7.9212,7.7956,7.4655,0.2339,2024-09-24 16:00:00,372,"2024"
"FASY_03","4","2024-09-24",23.1025,7.9212,7.7876,7.4655,0.2339,2024-09-24 16:33:00,405,"2024"
"FASY_03","4","2024-09-24",23.1025,7.9212,7.7805,7.4655,0.2339,2024-09-24 17:00:00,432,"2024"
"FASY_03","4","2024-09-24",23.1025,7.9212,7.7729,7.4655,0.2339,2024-09-24 17:31:00,463,"2024"
"FASY_03","4","2024-09-24",23.1025,7.9212,7.7653,7.4655,0.2339,2024-09-24 18:02:00,494,"2024"
"FASY_03","4","2024-09-24",23.1025,7.9212,7.7595,7.4655,0.2339,2024-09-24 18:33:00,525,"2024"
"FASY_03","4","2024-09-24",23.1025,7.9212,7.7538,7.4655,0.2339,2024-09-24 19:02:00,554,"2024"
"FASY_03","4","2024-09-24",23.1025,7.9212,7.7475,7.4655,0.2339,2024-09-24 19:31:00,583,"2024"
"FASY_04","4","2024-09-24",52.081,8.0087,8.0125,7.5432,0.2405,2024-09-24 09:49:00,0,"2024"
"FASY_04","4","2024-09-24",52.081,8.0087,8.0076,7.5432,0.2405,2024-09-24 09:56:00,7,"2024"
"FASY_04","4","2024-09-24",52.081,8.0087,8.0016,7.5432,0.2405,2024-09-24 10:08:00,19,"2024"
"FASY_04","4","2024-09-24",52.081,8.0087,7.9988,7.5432,0.2405,2024-09-24 10:17:00,28,"2024"
"FASY_04","4","2024-09-24",52.081,8.0087,7.9908,7.5432,0.2405,2024-09-24 10:34:00,45,"2024"
"FASY_04","4","2024-09-24",52.081,8.0087,7.9868,7.5432,0.2405,2024-09-24 10:46:00,57,"2024"
"FASY_04","4","2024-09-24",52.081,8.0087,7.9725,7.5432,0.2405,2024-09-24 11:12:00,83,"2024"
"FASY_04","4","2024-09-24",52.081,8.0087,7.96682,7.5432,0.2405,2024-09-24 11:23:00,94,"2024"
"FASY_04","4","2024-09-24",52.081,8.0087,7.9609,7.5432,0.2405,2024-09-24 11:51:00,122,"2024"
"FASY_04","4","2024-09-24",52.081,8.0087,7.9506,7.5432,0.2405,2024-09-24 12:23:00,154,"2024"
"FASY_04","4","2024-09-24",52.081,8.0087,7.9416,7.5432,0.2405,2024-09-24 12:50:00,181,"2024"
"FASY_04","4","2024-09-24",52.081,8.0087,7.9316,7.5432,0.2405,2024-09-24 13:24:00,215,"2024"
"FASY_04","4","2024-09-24",52.081,8.0087,7.9256,7.5432,0.2405,2024-09-24 13:43:00,234,"2024"
"FASY_04","4","2024-09-24",52.081,8.0087,7.9156,7.5432,0.2405,2024-09-24 14:03:00,254,"2024"
"FASY_04","4","2024-09-24",52.081,8.0087,7.9112,7.5432,0.2405,2024-09-24 14:34:00,285,"2024"
"FASY_04","4","2024-09-24",52.081,8.0087,7.9041,7.5432,0.2405,2024-09-24 15:00:00,311,"2024"
"FASY_04","4","2024-09-24",52.081,8.0087,7.8956,7.5432,0.2405,2024-09-24 15:31:00,342,"2024"
"FASY_04","4","2024-09-24",52.081,8.0087,7.8885,7.5432,0.2405,2024-09-24 16:01:00,372,"2024"
"FASY_04","4","2024-09-24",52.081,8.0087,7.8807,7.5432,0.2405,2024-09-24 16:33:00,404,"2024"
"FASY_04","4","2024-09-24",52.081,8.0087,7.8739,7.5432,0.2405,2024-09-24 17:01:00,432,"2024"
"FASY_04","4","2024-09-24",52.081,8.0087,7.8671,7.5432,0.2405,2024-09-24 17:31:00,462,"2024"
"FASY_04","4","2024-09-24",52.081,8.0087,7.8598,7.5432,0.2405,2024-09-24 18:03:00,494,"2024"
"FASY_04","4","2024-09-24",52.081,8.0087,7.8538,7.5432,0.2405,2024-09-24 18:34:00,525,"2024"
"FASY_04","4","2024-09-24",52.081,8.0087,7.8485,7.5432,0.2405,2024-09-24 19:02:00,553,"2024"
"FASY_04","4","2024-09-24",52.081,8.0087,7.8427,7.5432,0.2405,2024-09-24 19:32:00,583,"2024"
