"sample_ID","start_measurement","start_equilibration","drying_interval","equilibration_interval","psi_1","psi_2","psi","comment","minutes","campaign"
"FASY_01","2024-05-29 08:07:00",NA,NA,NA,"0.35","0.48",0.415,NA,0,"1"
"FASY_01","2024-05-29 10:29:00","2024-05-29 09:45:00",142,44,"1.43","0.44",0.935,NA,142,"1"
"FASY_01","2024-05-29 11:59:00","2024-05-29 10:50:00",90,69,"5","2.7",3.85,"psi1 too fast",232,"1"
"FASY_01","2024-05-29 13:01:00","2024-05-29 12:35:00",62,26,"8.6999999999999993",NA,8.7,NA,294,"1"
"FASY_01","2024-05-29 14:30:00","2024-05-29 14:00:00",89,30,"14",NA,14,NA,383,"1"
"FASY_01","2024-05-29 16:38:00","2024-05-29 16:10:00",128,28,"17.5",NA,17.5,NA,511,"1"
"FASY_01","2024-05-29 18:47:00","2024-05-29 18:05:00",129,42,"20",NA,20,NA,640,"1"
"FASY_01","2024-05-29 23:57:00","2024-05-29 23:36:00",310,21,"24.5",NA,24.5,NA,950,"1"
"FASY_01","2024-05-30 07:20:00","2024-05-30 07:00:00",443,20,"34.4",NA,34.4,NA,1393,"1"
"FASY_01","2024-05-30 11:51:00","2024-05-30 11:30:00",271,21,NA,NA,38,"38, air was escaping",1664,"1"
"FASY_01","2024-05-30 15:23:00","2024-05-30 15:00:00",212,23,"45+",NA,45,"30, air escaping, sample escaping from collar",1876,"1"
"FASY_01","2024-05-30 18:30:00","2024-05-30 18:00:00",187,30,"48",NA,48,NA,2063,"1"
"FASY_01","2024-05-31 11:53:00","2024-05-31 11:22:00",1043,31,"53+",NA,53,"air escaping",3106,"1"
"FASY_02","2024-05-29 08:13:00",NA,NA,NA,"0.32","0.34",0.33,NA,0,"1"
"FASY_02","2024-05-29 10:25:00","2024-05-29 09:45:00",132,40,"2.5","4.36",3.43,NA,132,"1"
"FASY_02","2024-05-29 11:43:00","2024-05-29 10:50:00",78,53,"0.7","4.3",4.3,NA,210,"1"
"FASY_02","2024-05-29 13:04:00","2024-05-29 12:35:00",81,29,"11.3",NA,11.3,NA,291,"1"
"FASY_02","2024-05-29 14:33:00","2024-05-29 14:00:00",89,33,"12",NA,12,NA,380,"1"
"FASY_02","2024-05-29 16:40:00","2024-05-29 16:10:00",127,30,"12.3",NA,12.3,NA,507,"1"
"FASY_02","2024-05-29 18:36:00","2024-05-29 18:05:00",116,31,"14.1",NA,14.1,NA,623,"1"
"FASY_02","2024-05-30","2024-05-29 23:36:00",324,24,"18",NA,18,NA,947,"1"
"FASY_02","2024-05-30 07:24:00","2024-05-30 07:00:00",444,24,"24.8",NA,24.8,NA,1391,"1"
"FASY_02","2024-05-30 11:51:00","2024-05-30 11:30:00",267,21,"27.7",NA,27.7,NA,1658,"1"
"FASY_02","2024-05-30 15:26:00","2024-05-30 15:00:00",215,26,"29.6",NA,29.6,NA,1873,"1"
"FASY_02","2024-05-30 18:34:00","2024-05-30 18:00:00",188,34,"41",NA,41,NA,2061,"1"
"FASY_02","2024-05-31 11:55:00","2024-05-31 11:22:00",1041,33,"50+",NA,50,"air escaping",3102,"1"
"FASY_03","2024-05-29 08:20:00",NA,NA,NA,"1.02","0.61",0.815,NA,0,"1"
"FASY_03","2024-05-29 10:21:00","2024-05-29 09:45:00",121,36,"4.8","3.48",4.14,NA,121,"1"
"FASY_03","2024-05-29 11:55:00","2024-05-29 10:50:00",94,65,"11.4","8.1",9.75,NA,215,"1"
"FASY_03","2024-05-29 13:09:00","2024-05-29 12:35:00",74,34,"12.3",NA,12.3,NA,289,"1"
"FASY_03","2024-05-29 14:35:00","2024-05-29 14:00:00",86,35,"14.3","15.4",14.85,NA,375,"1"
"FASY_03","2024-05-29 16:42:00","2024-05-29 16:10:00",127,32,"16.3",NA,16.3,NA,502,"1"
"FASY_03","2024-05-29 18:40:00","2024-05-29 18:05:00",118,35,"18.7","18.5",18.6,NA,620,"1"
"FASY_03","2024-05-30 00:04:00","2024-05-29 23:36:00",324,28,"23.2",NA,23.2,NA,944,"1"
"FASY_03","2024-05-30 07:27:00","2024-05-30 07:00:00",443,27,"28.5",NA,28.5,NA,1387,"1"
"FASY_03","2024-05-30 11:51:00","2024-05-30 11:30:00",264,21,"45",NA,45,"sample was rising out of the collar, air escaping",1651,"1"
"FASY_03","2024-05-30 15:30:00","2024-05-30 15:00:00",219,30,NA,NA,55,"nothing at 55, then stop due to too much air escaping",1870,"1"
"FASY_03","2024-05-30 18:38:00","2024-05-30 18:00:00",188,38,"64",NA,64,NA,2058,"1"
"FASY_03","2024-05-31 11:58:00","2024-05-31 11:22:00",1040,36,"48+",NA,NA,"air escaping",3098,"1"
"FASY_04","2024-05-29 08:17:00",NA,NA,NA,"0.33","0.28",0.305,NA,0,"1"
"FASY_04","2024-05-29 10:17:00","2024-05-29 09:45:00",120,32,"0.97","1.19",1.08,NA,120,"1"
"FASY_04","2024-05-29 11:50:00","2024-05-29 10:50:00",93,60,"1.2","1.4",1.3,NA,213,"1"
"FASY_04","2024-05-29 13:11:00","2024-05-29 12:35:00",81,36,"5.3",NA,5.3,NA,294,"1"
"FASY_04","2024-05-29 14:39:00","2024-05-29 14:00:00",88,39,"7.9","11.4",9.65,NA,382,"1"
"FASY_04","2024-05-29 16:45:00","2024-05-29 16:10:00",126,35,"13.3",NA,13.3,NA,508,"1"
"FASY_04","2024-05-29 18:44:00","2024-05-29 18:05:00",119,39,"16.600000000000001","19.4",18,NA,627,"1"
"FASY_04","2024-05-30 00:07:00","2024-05-29 23:36:00",323,31,"27.2",NA,27.2,NA,950,"1"
"FASY_04","2024-05-30 07:31:00","2024-05-30 07:00:00",444,31,"37.799999999999997",NA,37.8,NA,1394,"1"
"FASY_04","2024-05-30 11:51:00","2024-05-30 11:30:00",260,21,"40",NA,40,NA,1654,"1"
"FASY_04","2024-05-30 15:33:00","2024-05-30 15:00:00",222,33,"50.9",NA,50.9,NA,1876,"1"
"FASY_04","2024-05-30 18:40:00","2024-05-30 18:00:00",187,40,"55",NA,55,NA,2063,"1"
"FASY_04","2024-05-31 12:01:00","2024-05-31 11:22:00",1041,39,"43+",NA,NA,"air escaping",3104,"1"
"FREX_05","2024-05-29 08:33:00",NA,NA,NA,"1.19","0.99",1.09,NA,0,"1"
"FREX_05","2024-05-29 09:55:00","2024-05-29 09:15:00",82,40,"14.29","5.74",5.74,"2,49 for first leaf ?",82,"1"
"FREX_05","2024-05-29 10:59:00","2024-05-29 10:36:00",64,23,"14.8","15.4",15.1,NA,146,"1"
"FREX_05","2024-05-29 12:11:00","2024-05-29 11:39:00",72,32,"17.4","5.9",17.4,NA,218,"1"
"FREX_05","2024-05-29 14:06:00","2024-05-29 13:19:00",115,47,"14.8",NA,14.8,NA,333,"1"
"FREX_05","2024-05-29 15:52:00","2024-05-29 15:20:00",106,32,"18.5",NA,18.5,NA,439,"1"
"FREX_05","2024-05-29 18:26:00","2024-05-29 17:45:00",154,41,"17.7",NA,17.7,NA,593,"1"
"FREX_05","2024-05-30 00:10:00","2024-05-29 23:36:00",344,34,"27",NA,27,"first bubbles rising, nothing further until leak at 33",937,"1"
"FREX_05","2024-05-30 07:35:00","2024-05-30 07:00:00",445,35,"23.2",NA,23.2,NA,1382,"1"
"FREX_05","2024-05-30 11:51:00","2024-05-30 11:30:00",256,21,"24",NA,24,NA,1638,"1"
"FREX_05","2024-05-30 15:37:00","2024-05-30 15:00:00",226,37,"19.8",NA,19.8,NA,1864,"1"
"FREX_05","2024-05-30 18:43:00","2024-05-30 18:00:00",186,43,"43.3",NA,43.3,NA,2050,"1"
"FREX_05","2024-05-31 12:08:00","2024-05-31 11:22:00",1045,46,NA,NA,NA,"first bubbles 17,3 then 23,4 27",3095,"1"
"FREX_06","2024-05-29 08:30:00",NA,NA,NA,"1.38","1.27",1.325,NA,0,"1"
"FREX_06","2024-05-29 09:58:00","2024-05-29 09:15:00",88,43,"2.85","0.86",2.85,NA,88,"1"
"FREX_06","2024-05-29 11:15:00","2024-05-29 10:36:00",77,39,"17.1","5.9",5.9,NA,165,"1"
"FREX_06","2024-05-29 12:14:00","2024-05-29 11:39:00",59,35,"5.9","3.6",5.9,NA,224,"1"
"FREX_06","2024-05-29 14:13:00","2024-05-29 13:19:00",119,54,"17.3",NA,17.3,NA,343,"1"
"FREX_06","2024-05-29 15:55:00","2024-05-29 15:20:00",102,35,"17.4",NA,17.4,NA,445,"1"
"FREX_06","2024-05-29 18:23:00","2024-05-29 17:45:00",148,38,"18.5",NA,18.5,"first bubbles at 6,2 then waited",593,"1"
"FREX_06","2024-05-30 00:18:00","2024-05-29 23:36:00",355,42,"18.6",NA,18.6,NA,948,"1"
"FREX_06","2024-05-30 07:40:00","2024-05-30 07:00:00",442,40,"23.6",NA,23.6,NA,1390,"1"
"FREX_06","2024-05-30 11:51:00","2024-05-30 11:30:00",251,21,"22.3",NA,22.3,NA,1641,"1"
"FREX_06","2024-05-30 15:40:00","2024-05-30 15:00:00",229,40,"23.2",NA,23.2,NA,1870,"1"
"FREX_06","2024-05-30 18:47:00","2024-05-30 18:00:00",187,47,"23.7",NA,23.7,NA,2057,"1"
"FREX_06","2024-05-31 12:11:00","2024-05-31 11:22:00",1044,49,"28.9",NA,28.9,"first bubbles 9,6",3101,"1"
"FREX_07","2024-05-29 08:37:00",NA,NA,NA,"1.2","1",1.1,NA,0,"1"
"FREX_07","2024-05-29 10:00:00","2024-05-29 09:15:00",83,45,"8.3","12.22",8.3,NA,83,"1"
"FREX_07","2024-05-29 11:20:00","2024-05-29 10:36:00",80,44,"0.7","14",14,NA,163,"1"
"FREX_07","2024-05-29 12:18:00","2024-05-29 11:39:00",58,39,"4.9",NA,4.9,NA,221,"1"
"FREX_07","2024-05-29 14:20:00","2024-05-29 13:19:00",122,61,"16.3",NA,16.3,NA,343,"1"
"FREX_07","2024-05-29 15:57:00","2024-05-29 15:20:00",97,37,"17.9",NA,17.9,NA,440,"1"
"FREX_07","2024-05-29 18:16:00","2024-05-29 17:45:00",139,31,"19.7",NA,19.7,NA,579,"1"
"FREX_07","2024-05-30 00:22:00","2024-05-29 23:36:00",366,46,"20.1",NA,20.1,NA,945,"1"
"FREX_07","2024-05-30 07:45:00","2024-05-30 07:00:00",443,45,"15.6",NA,15.6,"first start 15,6",1388,"1"
"FREX_07","2024-05-30 11:51:00","2024-05-30 11:30:00",246,21,"29.1",NA,29.1,NA,1634,"1"
"FREX_07","2024-05-30 15:44:00","2024-05-30 15:00:00",233,44,"25.3",NA,25.3,NA,1867,"1"
"FREX_07","2024-05-30 18:52:00","2024-05-30 18:00:00",188,52,NA,NA,34,"sample ripped above collar at 34, too weak",2055,"1"
"FREX_07","2024-05-31 12:14:00","2024-05-31 11:22:00",1042,52,NA,NA,38,"38+ rising out of collar first at 24+",3097,"1"
"FREX_08","2024-05-29 08:26:00",NA,NA,NA,"5.44","2.25",2.25,NA,0,"1"
"FREX_08","2024-05-29 10:10:00","2024-05-29 09:15:00",104,55,"2","2.09",2.045,NA,104,"1"
"FREX_08","2024-05-29 11:09:00","2024-05-29 10:36:00",59,33,"6.3","3.39",4.845,NA,163,"1"
"FREX_08","2024-05-29 12:21:00","2024-05-29 11:39:00",72,42,"1.8","1.5",1.65,NA,235,"1"
"FREX_08","2024-05-29 14:25:00","2024-05-29 13:19:00",124,66,"13.8",NA,13.8,NA,359,"1"
"FREX_08","2024-05-29 16:02:00","2024-05-29 15:20:00",97,42,"15.2",NA,15.2,NA,456,"1"
"FREX_08","2024-05-29 18:20:00","2024-05-29 17:45:00",138,35,"15.5",NA,15.5,"first bubbles at 3,5, then wait",594,"1"
"FREX_08","2024-05-30 00:28:00","2024-05-29 23:36:00",368,52,"19.3",NA,19.3,NA,962,"1"
"FREX_08","2024-05-30 08:21:00","2024-05-30 07:53:00",473,28,"16.3",NA,16.3,"sample didnt work, resample",1435,"1"
"FREX_08","2024-05-30 11:51:00","2024-05-30 11:30:00",210,21,"20",NA,20,NA,1645,"1"
"FREX_08","2024-05-30 15:48:00","2024-05-30 15:00:00",237,48,"17.3",NA,17.3,NA,1882,"1"
"FREX_08","2024-05-30 18:55:00","2024-05-30 18:00:00",187,55,"12.3",NA,12.3,"strong bubbles at 12,3, then 15,8",2069,"1"
"FREX_08","2024-05-31 12:18:00","2024-05-31 11:22:00",1043,56,NA,NA,24.7,"bubbles at 24,7 30,7 and 35",3112,"1"
"FASY_01","2024-07-10 09:36:00","2024-07-10 09:10:00",NA,26,"4.8",NA,4.8,"cav5",0,"2"
"FASY_01","2024-07-10 10:20:00","2024-07-10 09:55:00",2640,25,"12.8",NA,12.8,NA,44,"2"
"FASY_01","2024-07-10 11:50:00","2024-07-10 11:28:00",5400,22,"8.7",NA,8.7,"RH rose to 90%",134,"2"
"FASY_01","2024-07-10 12:58:00","2024-07-10 12:32:00",4080,26,"20",NA,20,NA,202,"2"
"FASY_01","2024-07-10 14:37:00","2024-07-10 14:12:00",5940,25,"25.8",NA,25.8,NA,301,"2"
"FASY_01","2024-07-10 16:35:00","2024-07-10 16:12:00",7080,23,"30",NA,30,NA,419,"2"
"FASY_01","2024-07-10 19:26:00","2024-07-10 19:00:00",10260,26,"25.5",NA,25.5,NA,590,"2"
"FASY_01","2024-07-10 23:35:00","2024-07-10 23:15:00",14940,20,"37",NA,37,NA,839,"2"
"FASY_01","2024-07-11 09:53:00","2024-07-11 09:05:00",37080,48,"39",NA,39,NA,1457,"2"
"FASY_01","2024-07-11 17:30:00","2024-07-11 13:38:00",27420,232,"42",NA,42,NA,1914,"2"
"FASY_01","2024-07-11 18:19:00","2024-07-11 17:49:00",2940,30,"45",NA,45,NA,1963,"2"
"FASY_01","2024-07-12 10:15:00","2024-07-12 09:12:00",57360,63,NA,NA,NA,"58",2919,"2"
"FASY_01","2024-07-12 11:22:00","2024-07-12 11:00:00",4020,22,"48",NA,48,NA,2986,"2"
"FASY_01","2024-07-12 12:36:00","2024-07-12 12:10:00",4440,26,"55",NA,55,NA,3060,"2"
"FASY_01","2024-07-12 15:34:00","2024-07-12 15:05:00",10680,29,"55",NA,55,NA,3238,"2"
"FASY_01","2024-07-12 17:45:00","2024-07-12 17:20:00",7860,25,NA,NA,65,"65+",3369,"2"
"FASY_02","2024-07-10 09:38:00","2024-07-10 09:10:00",NA,28,"2.4",NA,2.4,"cav1",0,"2"
"FASY_02","2024-07-10 10:22:00","2024-07-10 09:55:00",2640,27,"3.9",NA,3.9,NA,44,"2"
"FASY_02","2024-07-10 12:17:00","2024-07-10 11:28:00",6900,49,"11.8",NA,11.8,NA,159,"2"
"FASY_02","2024-07-10 13:00:00","2024-07-10 12:32:00",2580,28,"13.2",NA,13.2,NA,202,"2"
"FASY_02","2024-07-10 14:39:00","2024-07-10 14:12:00",5940,27,"14.7",NA,14.7,NA,301,"2"
"FASY_02","2024-07-10 16:38:00","2024-07-10 16:12:00",7140,26,"28",NA,28,NA,420,"2"
"FASY_02","2024-07-10 19:29:00","2024-07-10 19:00:00",10260,29,"24",NA,24,NA,591,"2"
"FASY_02","2024-07-10 23:37:00","2024-07-10 23:15:00",14880,22,"28",NA,28,NA,839,"2"
"FASY_02","2024-07-11 09:35:00","2024-07-11 09:05:00",35880,30,"27",NA,27,NA,1437,"2"
"FASY_02","2024-07-11 17:33:00","2024-07-11 13:38:00",28680,235,"29",NA,29,NA,1915,"2"
"FASY_02","2024-07-11 18:22:00","2024-07-11 17:49:00",2940,33,"32",NA,32,NA,1964,"2"
"FASY_02","2024-07-12 09:50:00","2024-07-12 09:12:00",55680,38,"36",NA,36,NA,2892,"2"
"FASY_02","2024-07-12 12:40:00","2024-07-12 12:10:00",10200,30,"40",NA,40,NA,3062,"2"
"FASY_02","2024-07-12 15:37:00","2024-07-12 15:05:00",10620,32,"42.5",NA,42.5,NA,3239,"2"
"FASY_02","2024-07-12 17:24:00","2024-07-12 16:58:00",6420,26,"47",NA,47,NA,3346,"2"
"FASY_02","2024-07-12 17:24:00","2024-07-12 19:15:00",NA,-111,"63",NA,63,NA,3346,"2"
"FASY_03","2024-07-10 09:39:00","2024-07-10 09:10:00",NA,29,"3.4",NA,3.4,"cav7",0,"2"
"FASY_03","2024-07-10 10:24:00","2024-07-10 09:55:00",2700,29,"12.5",NA,12.5,NA,45,"2"
"FASY_03","2024-07-10 12:19:00","2024-07-10 11:28:00",6900,51,"14.5",NA,14.5,NA,160,"2"
"FASY_03","2024-07-10 13:02:00","2024-07-10 12:32:00",2580,30,"15.8",NA,15.8,NA,203,"2"
"FASY_03","2024-07-10 14:41:00","2024-07-10 14:12:00",5940,29,"23",NA,23,NA,302,"2"
"FASY_03","2024-07-10 16:40:00","2024-07-10 16:12:00",7140,28,"27",NA,27,NA,421,"2"
"FASY_03","2024-07-10 19:32:00","2024-07-10 19:00:00",10320,32,"37",NA,37,NA,593,"2"
"FASY_03","2024-07-10 23:41:00","2024-07-10 23:15:00",14940,26,"35.5",NA,35.5,NA,842,"2"
"FASY_03","2024-07-11 09:38:00","2024-07-11 09:05:00",35820,33,"36",NA,36,NA,1439,"2"
"FASY_03","2024-07-11 17:37:00","2024-07-11 13:38:00",28740,239,"38",NA,38,NA,1918,"2"
"FASY_03","2024-07-11 18:24:00","2024-07-11 17:49:00",2820,35,"42",NA,42,NA,1965,"2"
"FASY_03","2024-07-12 09:53:00","2024-07-12 09:12:00",55740,41,"50",NA,50,NA,2894,"2"
"FASY_03","2024-07-12 12:44:00","2024-07-12 12:10:00",10260,34,"53",NA,53,NA,3065,"2"
"FASY_03","2024-07-12 15:40:00","2024-07-12 15:05:00",10560,35,"65",NA,65,"59+",3241,"2"
"FASY_04","2024-07-10 09:40:00","2024-07-10 09:10:00",NA,30,"2.1",NA,2.1,"cav19",0,"2"
"FASY_04","2024-07-10 10:26:00","2024-07-10 09:55:00",2760,31,"4",NA,4,NA,46,"2"
"FASY_04","2024-07-10 12:21:00","2024-07-10 11:28:00",6900,53,"12.4",NA,12.4,"16.5",161,"2"
"FASY_04","2024-07-10 13:04:00","2024-07-10 12:32:00",2580,32,"14.6",NA,14.6,NA,204,"2"
"FASY_04","2024-07-10 14:43:00","2024-07-10 14:12:00",5940,31,"18",NA,18,NA,303,"2"
"FASY_04","2024-07-10 16:44:00","2024-07-10 16:12:00",7260,32,"27",NA,27,NA,424,"2"
"FASY_04","2024-07-10 19:35:00","2024-07-10 19:00:00",10260,35,"33.5",NA,33.5,NA,595,"2"
"FASY_04","2024-07-10 23:43:00","2024-07-10 23:15:00",14880,28,"34",NA,34,NA,843,"2"
"FASY_04","2024-07-11 09:40:00","2024-07-11 09:05:00",35820,35,"35",NA,35,NA,1440,"2"
"FASY_04","2024-07-11 17:40:00","2024-07-11 13:38:00",28800,242,"37",NA,37,NA,1920,"2"
"FASY_04","2024-07-11 18:26:00","2024-07-11 17:49:00",2760,37,"41",NA,41,NA,1966,"2"
"FASY_04","2024-07-12 09:57:00","2024-07-12 09:12:00",55860,45,"49",NA,49,NA,2897,"2"
"FASY_04","2024-07-12 12:48:00","2024-07-12 12:10:00",10260,38,"59",NA,59,NA,3068,"2"
"FASY_04","2024-07-12 16:32:00","2024-07-12 15:05:00",13440,87,"61",NA,61,NA,3292,"2"
"FREX_05","2024-07-10 09:48:00","2024-07-10 09:10:00",NA,38,NA,NA,9.3,"time in cavicam is wrong, synchronize with 06
20231127-034531 start time",0,"2"
"FREX_05","2024-07-10 10:28:00","2024-07-10 09:55:00",2400,33,NA,NA,7.1,"cav13",40,"2"
"FREX_05","2024-07-10 12:23:00","2024-07-10 11:28:00",6900,55,NA,NA,15.7,NA,155,"2"
"FREX_05","2024-07-10 13:07:00","2024-07-10 12:32:00",2640,35,NA,NA,20,NA,199,"2"
"FREX_05","2024-07-10 14:46:00","2024-07-10 14:12:00",5940,34,NA,NA,NA,"strong bubbles at 6.3",298,"2"
"FREX_05","2024-07-10 16:47:00","2024-07-10 16:12:00",7260,35,NA,NA,23,"28",419,"2"
"FREX_05","2024-07-10 19:38:00","2024-07-10 19:00:00",10260,38,NA,NA,31,NA,590,"2"
"FREX_05","2024-07-10 23:47:00","2024-07-10 23:15:00",14940,32,NA,NA,33,NA,839,"2"
"FREX_05","2024-07-11 09:42:00","2024-07-11 09:05:00",35700,37,NA,NA,32,NA,1434,"2"
"FREX_05","2024-07-11 17:43:00","2024-07-11 13:38:00",28860,245,NA,NA,33,NA,1915,"2"
"FREX_05","2024-07-11 18:30:00","2024-07-11 17:49:00",2820,41,NA,NA,33.5,NA,1962,"2"
"FREX_05","2024-07-12 10:00:00","2024-07-12 09:12:00",55800,48,NA,NA,36.5,NA,2892,"2"
"FREX_05","2024-07-12 12:52:00","2024-07-12 12:10:00",10320,42,NA,NA,36.5,NA,3064,"2"
"FREX_05","2024-07-12 15:50:00","2024-07-12 15:05:00",10680,45,NA,NA,39,NA,3242,"2"
"FREX_05","2024-07-12 17:29:00","2024-07-12 16:58:00",5940,31,NA,NA,41,NA,3341,"2"
"FREX_05","2024-07-12 19:44:00","2024-07-12 19:15:00",8100,29,NA,NA,39,NA,3476,"2"
"FREX_06","2024-07-13 17:43:00","2024-07-13 17:20:00",79140,23,NA,NA,54.5,NA,4797,"2"
"FREX_06","2024-07-10 09:46:00","2024-07-10 09:10:00",NA,36,"18.3",NA,18.3,"8.1",0,"2"
"FREX_06","2024-07-10 10:30:00","2024-07-10 09:55:00",2640,35,"23",NA,23,"cav17",44,"2"
"FREX_06","2024-07-10 12:25:00","2024-07-10 11:28:00",6900,57,"26",NA,26,NA,159,"2"
"FREX_06","2024-07-10 13:10:00","2024-07-10 12:32:00",2700,38,"28",NA,28,NA,204,"2"
"FREX_06","2024-07-10 14:50:00","2024-07-10 14:12:00",6000,38,"29",NA,29,NA,304,"2"
"FREX_06","2024-07-10 16:50:00","2024-07-10 16:12:00",7200,38,"31",NA,31,"33",424,"2"
"FREX_06","2024-07-10 19:41:00","2024-07-10 19:00:00",10260,41,"38",NA,38,NA,595,"2"
"FREX_06","2024-07-10 23:50:00","2024-07-10 23:15:00",14940,35,"39",NA,39,NA,844,"2"
"FREX_06","2024-07-11 09:44:00","2024-07-11 09:05:00",35640,39,"39",NA,39,NA,1438,"2"
"FREX_06","2024-07-11 17:47:00","2024-07-11 13:38:00",28980,249,"41",NA,41,NA,1921,"2"
"FREX_06","2024-07-11 18:33:00","2024-07-11 17:49:00",2760,44,"43",NA,43,NA,1967,"2"
"FREX_06","2024-07-12 10:03:00","2024-07-12 09:12:00",55800,51,"46.5",NA,46.5,NA,2897,"2"
"FREX_06","2024-07-12 12:58:00","2024-07-12 12:10:00",10500,48,"48.5",NA,48.5,NA,3072,"2"
"FREX_06","2024-07-12 15:58:00","2024-07-12 15:05:00",10800,53,"52",NA,52,NA,3252,"2"
"FREX_06","2024-07-12 17:33:00","2024-07-12 16:58:00",5700,35,"51",NA,51,NA,3347,"2"
"FREX_06","2024-07-12 19:50:00","2024-07-12 19:15:00",8220,35,"58",NA,58,NA,3484,"2"
"FREX_06","2024-07-13 17:43:00","2024-07-13 17:20:00",78780,23,"66",NA,66,NA,4797,"2"
"FREX_07","2024-07-10 09:44:00","2024-07-10 09:10:00",NA,34,"4.9",NA,4.9,"cav14",0,"2"
"FREX_07","2024-07-10 10:32:00","2024-07-10 09:55:00",2880,37,"5.4",NA,5.4,NA,48,"2"
"FREX_07","2024-07-10 12:27:00","2024-07-10 11:28:00",6900,59,"12.5",NA,12.5,NA,163,"2"
"FREX_07","2024-07-10 13:12:00","2024-07-10 12:32:00",2700,40,"19",NA,19,"first at 12.3",208,"2"
"FREX_07","2024-07-10 14:53:00","2024-07-10 14:12:00",6060,41,"22",NA,22,"9.6",309,"2"
"FREX_07","2024-07-10 16:53:00","2024-07-10 16:12:00",7200,41,"25",NA,25,NA,429,"2"
"FREX_07","2024-07-10 19:43:00","2024-07-10 19:00:00",10200,43,"28",NA,28,"25",599,"2"
"FREX_07","2024-07-10 23:53:00","2024-07-10 23:15:00",15000,38,"28",NA,28,NA,849,"2"
"FREX_07","2024-07-11 09:47:00","2024-07-11 09:05:00",35640,42,"27",NA,27,NA,1443,"2"
"FREX_07","2024-07-11 17:50:00","2024-07-11 13:38:00",28980,252,"30",NA,30,NA,1926,"2"
"FREX_07","2024-07-11 18:33:00","2024-07-11 17:49:00",2580,44,"31",NA,31,NA,1969,"2"
"FREX_07","2024-07-12 10:07:00","2024-07-12 09:12:00",56040,55,"32",NA,32,NA,2903,"2"
"FREX_07","2024-07-12 13:03:00","2024-07-12 12:10:00",10560,53,"33",NA,33,NA,3079,"2"
"FREX_07","2024-07-12 15:54:00","2024-07-12 15:05:00",10260,49,"35",NA,35,NA,3250,"2"
"FREX_07","2024-07-12 17:38:00","2024-07-12 16:58:00",6240,40,"36",NA,36,NA,3354,"2"
"FREX_07","2024-07-12 19:55:00","2024-07-12 19:15:00",8220,40,"37",NA,37,NA,3491,"2"
"FREX_07","2024-07-13 17:43:00","2024-07-13 17:20:00",78480,23,"45.5",NA,45.5,NA,4799,"2"
"FREX_07","2024-07-14 13:03:00","2024-07-14 13:50:00",69600,-47,"55",NA,55,NA,5959,"2"
"FREX_07","2024-07-15 12:55:00","2024-07-15 12:35:00",85920,20,"60",NA,60,NA,7391,"2"
"FREX_08","2024-07-10 09:42:00","2024-07-10 09:10:00",NA,32,"22",NA,22,"4.8",0,"2"
"FREX_08","2024-07-10 10:34:00","2024-07-10 09:55:00",3120,39,"25",NA,25,"4.5",52,"2"
"FREX_08","2024-07-10 12:29:00","2024-07-10 11:28:00",6900,61,NA,NA,NA,"5.5 sic!",167,"2"
"FREX_08","2024-07-10 13:14:00","2024-07-10 12:32:00",2700,42,"30",NA,30,"cav4",212,"2"
"FREX_08","2024-07-10 14:56:00","2024-07-10 14:12:00",6120,44,"30",NA,30,NA,314,"2"
"FREX_08","2024-07-10 16:56:00","2024-07-10 16:12:00",7200,44,"34",NA,34,NA,434,"2"
"FREX_08","2024-07-10 19:45:00","2024-07-10 19:00:00",10140,45,"38",NA,38,NA,603,"2"
"FREX_08","2024-07-10 23:56:00","2024-07-10 23:15:00",15060,41,"39",NA,39,NA,854,"2"
"FREX_08","2024-07-11 09:50:00","2024-07-11 09:05:00",35640,45,"38",NA,38,NA,1448,"2"
"FREX_08","2024-07-11 17:52:00","2024-07-11 13:38:00",28920,254,"39",NA,39,NA,1930,"2"
"FREX_08","2024-07-11 18:36:00","2024-07-11 17:49:00",2640,47,"44",NA,44,NA,1974,"2"
"FREX_08","2024-07-12 10:12:00","2024-07-12 09:12:00",56160,60,"46.5",NA,46.5,NA,2910,"2"
"FREX_08","2024-07-12 13:08:00","2024-07-12 12:10:00",10560,58,"52",NA,52,NA,3086,"2"
"FREX_08","2024-07-12 16:22:00","2024-07-12 15:05:00",11640,77,"59",NA,59,"very wilted",3280,"2"
"FREX_08","2024-07-12 17:40:00","2024-07-12 16:58:00",4680,42,NA,NA,NA,"40+, too much air escaping",3358,"2"
"FASY_01","1723627440","1723626000",NA,24,"5.9",NA,5.9,NA,0,"3"
"FASY_01","1723630140","1723628400",45,29,"15.1",NA,15.1,NA,45,"3"
"FASY_01","1723632600","1723631100",41,25,"19.5",NA,19.5,NA,86,"3"
"FASY_01","1723637160","1723634580",76,43,"24",NA,24,NA,162,"3"
"FASY_01","1723640760","1723638480",60,38,"25.7",NA,25.7,NA,222,"3"
"FASY_01","1723644480","1723642020",62,41,"27.9",NA,27.9,NA,284,"3"
"FASY_01","1723647960","1723645740",58,37,"28.7",NA,28.7,NA,342,"3"
"FASY_01","1723653240","1723651620",88,27,"34.4",NA,34.4,NA,430,"3"
"FASY_01","1723659000","1723656600",96,40,"38.2",NA,38.2,NA,526,"3"
"FASY_01","1723664100","1723662000",85,35,"45.2",NA,45.2,NA,611,"3"
"FASY_01","1723677000","1723670100",215,115,"48.2",NA,48.2,NA,826,"3"
"FASY_01","1723678200","1723676700",20,25,"63.4",NA,63.4,NA,846,"3"
"FASY_01","1723714200","1723712400",600,30,"63",NA,63,NA,1446,"3"
"FASY_01","1723725480","1723722600",188,48,"65.5",NA,65.5,NA,1634,"3"
"FASY_02","1723627560","1723626000",NA,26,"1.8",NA,1.8,NA,0,"3"
"FASY_02","1723630620","1723628400",51,37,"3",NA,3,NA,51,"3"
"FASY_02","1723632780","1723631100",36,28,"4.8",NA,4.8,NA,87,"3"
"FASY_02","1723637280","1723634580",75,45,"11.7",NA,11.7,NA,162,"3"
"FASY_02","1723640880","1723638480",60,40,"15.3",NA,15.3,NA,222,"3"
"FASY_02","1723644600","1723642020",62,43,"18.3",NA,18.3,NA,284,"3"
"FASY_02","1723648080","1723645740",58,39,"20",NA,20,NA,342,"3"
"FASY_02","1723653420","1723651620",89,30,"25.1",NA,25.1,NA,431,"3"
"FASY_02","1723659120","1723656600",95,42,"28.5",NA,28.5,NA,526,"3"
"FASY_02","1723664880","1723662000",96,48,"30",NA,30,NA,622,"3"
"FASY_02","1723678020","1723670100",219,132,"34.1",NA,34.1,NA,841,"3"
"FASY_02","1723679280","1723676700",21,43,"39.9",NA,39.9,NA,862,"3"
"FASY_02","1723714680","1723712400",590,38,"54",NA,54,NA,1452,"3"
"FASY_02","1723725600","1723722600",182,50,"60.7",NA,60.7,NA,1634,"3"
"FASY_02","1723732620","1723729800",117,47,NA,"70+",NA,NA,1751,"3"
NA,NA,NA,NA,NA,NA,NA,NA,NA,NA,"3"
NA,NA,NA,NA,NA,NA,NA,NA,NA,NA,"3"
NA,NA,NA,NA,NA,NA,NA,NA,NA,NA,"3"
NA,NA,NA,NA,NA,NA,NA,NA,NA,NA,"3"
"FASY_03","1723627620","1723626000",NA,27,"6.2",NA,6.2,NA,0,"3"
"FASY_03","1723629780","1723628400",36,23,"6.3",NA,6.3,NA,36,"3"
"FASY_03","1723633020","1723631100",54,32,"15.7",NA,15.7,NA,90,"3"
"FASY_03","1723637460","1723634580",74,48,"20",NA,20,NA,164,"3"
"FASY_03","1723641000","1723638480",59,42,"25.8",NA,25.8,NA,223,"3"
"FASY_03","1723644780","1723642020",63,46,"26.7",NA,26.7,NA,286,"3"
"FASY_03","1723648260","1723645740",58,42,"29.5",NA,29.5,NA,344,"3"
"FASY_03","1723653600","1723651620",89,33,"44.8",NA,44.8,NA,433,"3"
"FASY_03","1723659240","1723656600",94,44,"54.5",NA,54.5,NA,527,"3"
"FASY_03","1723664700","1723662000",91,45,"73",NA,73,NA,618,"3"
"FASY_03","1723677840","1723670100",219,129,"59",NA,59,NA,837,"3"
"FASY_03","1723678680","1723676700",14,33,"63",NA,63,NA,851,"3"
"FASY_03","1723715100","1723712400",607,45,"67",NA,67,NA,1458,"3"
"FASY_04","1723627740","1723626000",NA,29,"2.3",NA,2.3,NA,0,"3"
"FASY_04","1723630020","1723628400",38,27,"2.3","3.8",2.3,NA,38,"3"
"FASY_04","1723633560","1723631100",59,41,"8.6",NA,8.6,NA,97,"3"
"FASY_04","1723637640","1723634580",68,51,"15.9",NA,15.9,NA,165,"3"
"FASY_04","1723641180","1723638480",59,45,"20.5",NA,20.5,NA,224,"3"
"FASY_04","1723644900","1723642020",62,48,"25",NA,25,NA,286,"3"
"FASY_04","1723648440","1723645740",59,45,"26.8",NA,26.8,NA,345,"3"
"FASY_04","1723653780","1723651620",89,36,"30.6",NA,30.6,NA,434,"3"
"FASY_04","1723659360","1723656600",93,46,"34.8",NA,34.8,NA,527,"3"
"FASY_04","1723664880","1723662000",92,48,"36.6",NA,36.6,NA,619,"3"
"FASY_04","1723678020","1723670100",219,132,"41.6",NA,41.6,NA,838,"3"
"FASY_04","1723679280","1723676700",21,43,"47.2",NA,47.2,NA,859,"3"
"FASY_04","1723715400","1723712400",602,50,"51",NA,51,NA,1461,"3"
"FASY_04","1723725600","1723722600",170,50,"63.6",NA,63.6,NA,1631,"3"
"FREX_05","1723626600","1723625100",NA,25,"21.8",NA,21.8,"8.1",0,"3"
"FREX_05","1723628880","1723627200",38,28,"21.9",NA,21.9,NA,38,"3"
"FREX_05","1723633740","1723631400",81,39,"23.5",NA,23.5,NA,119,"3"
"FREX_05","1723637820","1723634580",68,54,"27.9",NA,27.9,NA,187,"3"
"FREX_05","1723641300","1723638480",58,47,"28.3",NA,28.3,NA,245,"3"
"FREX_05","1723645080","1723642020",63,51,"30.2",NA,30.2,NA,308,"3"
"FREX_05","1723648620","1723645740",59,48,"32.5",NA,32.5,NA,367,"3"
"FREX_05","1723654020","1723651620",90,40,"30.9",NA,30.9,NA,457,"3"
"FREX_05","1723659480","1723656600",91,48,"37.2",NA,37.2,NA,548,"3"
"FREX_05","1723664880","1723662000",90,48,"36.3",NA,36.3,NA,638,"3"
"FREX_05","1723677600","1723670100",212,125,"40.2",NA,40.2,NA,850,"3"
"FREX_05","1723679040","1723676700",24,39,"39",NA,39,NA,874,"3"
"FREX_05","1723715100","1723712400",601,45,"43",NA,43,NA,1475,"3"
"FREX_05","1723726020","1723722600",182,57,"49",NA,49,NA,1657,"3"
"FREX_05","1723732920","1723729800",115,52,"56","55",56,NA,1772,"3"
"FREX_05","1723738500","1723737000",93,25,"59.5","45",59.5,NA,1865,"3"
"FREX_06","1723626780","1723625100",NA,28,"25",NA,25,NA,NA,"3"
"FREX_06","1723629000","1723627200",37,30,"27.7",NA,27.7,NA,NA,"3"
"FREX_06","1723633920","1723631400",82,42,"33.5",NA,33.5,NA,NA,"3"
"FREX_06","1723638000","1723634580",68,57,"34.8",NA,34.8,NA,NA,"3"
"FREX_06","1723641480","1723638480",58,50,"37.9",NA,37.9,NA,NA,"3"
"FREX_06","1723645260","1723642020",63,54,"40.6",NA,40.6,NA,NA,"3"
"FREX_06","1723648800","1723645740",59,51,"43",NA,43,NA,NA,"3"
"FREX_06","1723654200","1723651620",90,43,"49",NA,49,NA,NA,"3"
"FREX_06","1723659600","1723656600",90,50,"55.5",NA,55.5,NA,NA,"3"
"FREX_06","1723664640","1723662000",84,44,"71",NA,71,NA,NA,"3"
"FREX_06","1723677780","1723670100",219,128,"70+",NA,NA,NA,NA,"3"
"FREX_07","1723627020","1723625100",NA,32,"11.6",NA,11.6,NA,0,"3"
"FREX_07","1723629120","1723627200",35,32,"12.4",NA,12.4,NA,35,"3"
"FREX_07","1723634100","1723631100",83,50,"15.8","21.6",15.8,NA,118,"3"
"FREX_07","1723638180","1723634580",68,60,"20",NA,20,NA,186,"3"
"FREX_07","1723641660","1723638480",58,53,"22.5",NA,22.5,"26",244,"3"
"FREX_07","1723645440","1723642020",63,57,"27.5",NA,27.5,NA,307,"3"
"FREX_07","1723649040","1723645740",60,55,"31.1",NA,31.1,NA,367,"3"
"FREX_07","1723654380","1723651620",89,46,"35.3",NA,35.3,NA,456,"3"
"FREX_07","1723659780","1723656600",90,53,"35.8",NA,35.8,NA,546,"3"
"FREX_07","1723664880","1723662000",85,48,"38.7",NA,38.7,NA,631,"3"
"FREX_07","1723678020","1723670100",219,132,"41.2",NA,41.2,NA,850,"3"
"FREX_07","1723679280","1723676700",21,43,"40.3",NA,40.3,NA,871,"3"
"FREX_07","1723715400","1723712400",602,50,"49",NA,49,NA,1473,"3"
"FREX_07","1723726140","1723722600",179,59,"53.6",NA,53.6,NA,1652,"3"
"FREX_07","1723732740","1723729800",110,49,"57","53",57,NA,1762,"3"
"FREX_07","1723738380","1723737000",94,23,"62.5",NA,62.5,NA,1856,"3"
"FREX_08","1723627200","1723625100",NA,35,"24",NA,24,NA,NA,"3"
"FREX_08","1723629240","1723627200",34,34,"24.2",NA,24.2,NA,NA,"3"
"FREX_08","1723634280","1723631100",84,53,"27.1",NA,27.1,NA,NA,"3"
"FREX_08","1723638360","1723634580",68,63,"28.5",NA,28.5,NA,NA,"3"
"FREX_08","1723641840","1723638480",58,56,"29.3",NA,29.3,NA,NA,"3"
"FREX_08","1723645620","1723642020",63,60,"29","30.4",29,NA,NA,"3"
"FREX_08","1723649220","1723645740",60,58,"32.6",NA,32.6,NA,NA,"3"
"FREX_08","1723654680","1723651620",91,51,"34",NA,34,NA,NA,"3"
"FREX_08","1723660020","1723656600",89,57,"37.2",NA,37.2,NA,NA,"3"
"FREX_08","1723665060","1723662000",84,51,"40",NA,40,NA,NA,"3"
"FREX_08","1723678200","1723670100",219,135,"46.4",NA,46.4,NA,NA,"3"
"FREX_08","1723679460","1723676700",21,46,"47","42",47,NA,NA,"3"
"FREX_08","1723715400","1723712400",599,50,NA,"75+",75,"leaves wilted",NA,"3"