"sample_ID","start_measurement","start_equilibration","drying_interval","equilibration_interval","psi_1","psi_2","psi","comment","year","campaign","minutes"
"FASY_01",2023-06-14 11:34:00,2023-06-14 11:04:00,NA,30,"0.32",NA,0.32,NA,"2023","1",0
"FASY_01",2023-06-14 11:56:00,2023-06-14 11:26:00,1320,30,"2.17","2.65",2.41,NA,"2023","1",22
"FASY_01",2023-06-14 13:29:00,2023-06-14 12:59:00,5580,30,"14.64","13.98",14.31,NA,"2023","1",115
"FASY_01",2023-06-14 15:02:00,2023-06-14 14:32:00,5580,30,"23.37","22.64",23.005,NA,"2023","1",208
"FASY_01",2023-06-14 16:32:00,2023-06-14 16:02:00,5400,30,"29.01","29.43",29.22,NA,"2023","1",298
"FASY_01",2023-06-14 18:02:00,2023-06-14 17:32:00,5400,30,"35.19","32.33",33.76,NA,"2023","1",388
"FASY_01",2023-06-14 21:32:00,2023-06-14 21:02:00,12600,30,"38.3","41.7",40,NA,"2023","1",598
"FASY_01",2023-06-15 08:14:00,2023-06-15 07:44:00,38520,30,"55.7",NA,55.7,NA,"2023","1",1240
"FASY_02",2023-06-14 11:11:00,2023-06-14 10:41:00,NA,30,"0.53",NA,0.53,NA,"2023","1",0
"FASY_02",2023-06-14 11:49:00,2023-06-14 11:19:00,2280,30,"3.67","4.49",4.08,NA,"2023","1",38
"FASY_02",2023-06-14 13:25:00,2023-06-14 12:55:00,5760,30,"16.56","19.34",17.95,NA,"2023","1",134
"FASY_02",2023-06-14 14:58:00,2023-06-14 14:28:00,5580,30,"25.39","26.83",26.11,NA,"2023","1",227
"FASY_02",2023-06-14 16:28:00,2023-06-14 15:58:00,5400,30,"31.89","30.92",31.405,NA,"2023","1",317
"FASY_02",2023-06-14 17:58:00,2023-06-14 17:28:00,5400,30,"35.51","33.38",34.445,NA,"2023","1",407
"FASY_02",2023-06-14 21:32:00,2023-06-14 21:02:00,12840,30,"36.8","37.1",36.95,NA,"2023","1",621
"FASY_02",2023-06-15 08:10:00,2023-06-15 07:40:00,38280,30,"58.43",NA,58.43,NA,"2023","1",1259
"FASY_03",2023-06-14 11:20:00,2023-06-14 10:50:00,NA,30,"0.25",NA,0.25,NA,"2023","1",0
"FASY_03",2023-06-14 11:51:00,2023-06-14 11:21:00,1860,30,"1.87","1.17",1.52,NA,"2023","1",31
"FASY_03",2023-06-14 13:27:00,2023-06-14 12:57:00,5760,30,"16.52","15.92",16.22,NA,"2023","1",127
"FASY_03",2023-06-14 15:00:00,2023-06-14 14:30:00,5580,30,"26.24","24.51",25.375,NA,"2023","1",220
"FASY_03",2023-06-14 16:29:00,2023-06-14 15:59:00,5340,30,"33.06","34.05",33.555,NA,"2023","1",309
"FASY_03",2023-06-14 17:59:00,2023-06-14 17:29:00,5400,30,"35.48","47.64",41.56,NA,"2023","1",399
"FASY_03",2023-06-14 21:32:00,2023-06-14 21:02:00,12780,30,"51.4","46.8",49.1,NA,"2023","1",612
"FASY_03",2023-06-15 08:12:00,2023-06-15 07:42:00,38400,30,"57.3",NA,57.3,NA,"2023","1",1252
"FASY_04",2023-06-14 11:30:00,2023-06-14 11:00:00,NA,30,"0.62",NA,0.62,NA,"2023","1",0
"FASY_04",2023-06-14 11:54:00,2023-06-14 11:24:00,1440,30,"1.83","1.94",1.885,NA,"2023","1",24
"FASY_04",2023-06-14 13:27:00,2023-06-14 12:57:00,5580,30,"12.53","13.3",12.915,NA,"2023","1",117
"FASY_04",2023-06-14 15:01:00,2023-06-14 14:31:00,5640,30,"21.94","21.79",21.865,NA,"2023","1",211
"FASY_04",2023-06-14 16:31:00,2023-06-14 16:01:00,5400,30,"28.24","28.47",28.355,NA,"2023","1",301
"FASY_04",2023-06-14 18:01:00,2023-06-14 17:31:00,5400,30,"31.49","30.82",31.155,NA,"2023","1",391
"FASY_04",2023-06-14 21:32:00,2023-06-14 21:02:00,12660,30,"42.5","46.8",44.65,NA,"2023","1",602
"FASY_04",2023-06-15 08:13:00,2023-06-15 07:43:00,38460,30,"55",NA,55,NA,"2023","1",1243
"FASY_01",2023-07-18 11:48:00,2023-07-18 11:18:00,NA,30,"0.83",NA,0.83,NA,"2023","2",0
"FASY_01",2023-07-18 12:12:00,2023-07-18 11:42:00,1440,30,"0.63","0.98",0.805,NA,"2023","2",24
"FASY_01",2023-07-18 13:05:00,2023-07-18 12:35:00,3180,30,"0.57","0.62",0.595,NA,"2023","2",77
"FASY_01",2023-07-18 15:03:00,2023-07-18 14:33:00,7080,30,"7.01","11.12",9.065,NA,"2023","2",195
"FASY_01",2023-07-18 16:33:00,2023-07-18 16:03:00,5400,30,"11.28","12.81",12.045,NA,"2023","2",285
"FASY_01",2023-07-18 18:33:00,2023-07-18 18:03:00,7200,30,"22.12","20.9",21.51,NA,"2023","2",405
"FASY_01",2023-07-18 23:55:00,2023-07-18 23:25:00,19320,30,"31.3",NA,31.3,NA,"2023","2",727
"FASY_01",2023-07-19 08:37:00,2023-07-19 08:07:00,31320,30,"38.61","39.63",39.12,NA,"2023","2",1249
"FASY_01",2023-07-19 10:05:00,2023-07-19 09:35:00,5280,30,"42.02","43.72",42.87,NA,"2023","2",1337
"FASY_01",2023-07-19 12:05:00,2023-07-19 11:35:00,7200,30,"44.83","45.7",45.265,NA,"2023","2",1457
"FASY_01",2023-07-19 14:05:00,2023-07-19 13:35:00,7200,30,"56.26","65",60.63,NA,"2023","2",1577
"FASY_01",2023-07-19 16:05:00,2023-07-19 15:35:00,7200,30,"66.72",NA,66.72,NA,"2023","2",1697
"FASY_02",2023-07-18 11:42:00,2023-07-18 11:12:00,NA,30,"0.67",NA,0.67,NA,"2023","2",0
"FASY_02",2023-07-18 12:10:00,2023-07-18 11:40:00,1680,30,"0.89","1.11",1,NA,"2023","2",28
"FASY_02",2023-07-18 13:05:00,2023-07-18 12:35:00,3300,30,"0.72","0.83",0.775,NA,"2023","2",83
"FASY_02",2023-07-18 15:02:00,2023-07-18 14:32:00,7020,30,"7.46","5.1",6.28,NA,"2023","2",200
"FASY_02",2023-07-18 16:32:00,2023-07-18 16:02:00,5400,30,"10.47","11.54",11.005,NA,"2023","2",290
"FASY_02",2023-07-18 18:32:00,2023-07-18 18:02:00,7200,30,"16.24","16.61",16.425,NA,"2023","2",410
"FASY_02",2023-07-18 23:55:00,2023-07-18 23:25:00,19380,30,"28.3",NA,28.3,NA,"2023","2",733
"FASY_02",2023-07-19 10:05:00,2023-07-19 09:35:00,36600,30,"39.63","41.23",40.43,NA,"2023","2",1343
"FASY_02",2023-07-19 12:05:00,2023-07-19 11:35:00,7200,30,"39.51",NA,39.51,NA,"2023","2",1463
"FASY_02",2023-07-19 14:05:00,2023-07-19 13:35:00,7200,30,"37.54","37.31",37.425,NA,"2023","2",1583
"FASY_02",2023-07-19 16:05:00,2023-07-19 15:35:00,7200,30,"44.43",NA,44.43,NA,"2023","2",1703
"FASY_02",2023-07-19 20:45:00,2023-07-19 20:15:00,16800,30,"54.5","57.1",55.8,NA,"2023","2",1983
"FASY_03",2023-07-18 11:33:00,2023-07-18 11:03:00,NA,30,"0.81",NA,0.81,NA,"2023","2",0
"FASY_03",2023-07-18 12:00:00,2023-07-18 11:30:00,1620,30,"0.99","1.62",1.305,NA,"2023","2",27
"FASY_03",2023-07-18 13:02:00,2023-07-18 12:32:00,3720,30,"1.16","0.81",0.985,NA,"2023","2",89
"FASY_03",2023-07-18 15:01:00,2023-07-18 14:31:00,7140,30,"7.12","6.02",6.57,NA,"2023","2",208
"FASY_03",2023-07-18 16:31:00,2023-07-18 16:01:00,5400,30,"10.84","14.82",12.83,NA,"2023","2",298
"FASY_03",2023-07-18 18:31:00,2023-07-18 18:01:00,7200,30,"23.93","20.14",22.035,NA,"2023","2",418
"FASY_03",2023-07-18 23:55:00,2023-07-18 23:25:00,19440,30,"30.6",NA,30.6,NA,"2023","2",742
"FASY_03",2023-07-19 08:36:00,2023-07-19 08:06:00,31260,30,"40.27","41.91",41.09,NA,"2023","2",1263
"FASY_03",2023-07-19 10:05:00,2023-07-19 09:35:00,5340,30,"42.65","43.26",42.955,NA,"2023","2",1352
"FASY_03",2023-07-19 12:05:00,2023-07-19 11:35:00,7200,30,"43.71","43.62",43.665,NA,"2023","2",1472
"FASY_03",2023-07-19 14:05:00,2023-07-19 13:35:00,7200,30,"52.88","50.46",51.67,NA,"2023","2",1592
"FASY_03",2023-07-19 16:05:00,2023-07-19 15:35:00,7200,30,"61.69","48.18",54.935,NA,"2023","2",1712
"FASY_04",2023-07-18 11:52:00,2023-07-18 11:22:00,NA,30,"0.37",NA,0.37,NA,"2023","2",0
"FASY_04",2023-07-18 12:20:00,2023-07-18 11:50:00,1680,30,"1.27","1.36",1.315,NA,"2023","2",28
"FASY_04",2023-07-18 13:15:00,2023-07-18 12:45:00,3300,30,"1.49","0.99",1.24,NA,"2023","2",83
"FASY_04",2023-07-18 15:12:00,2023-07-18 14:42:00,7020,30,"5.94","6.34",6.14,NA,"2023","2",200
"FASY_04",2023-07-18 16:42:00,2023-07-18 16:12:00,5400,30,"11.22","10.04",10.63,NA,"2023","2",290
"FASY_04",2023-07-18 18:42:00,2023-07-18 18:12:00,7200,30,"23.44","21.66",22.55,NA,"2023","2",410
"FASY_04",2023-07-18 23:59:00,2023-07-18 23:29:00,19020,30,"32.1",NA,32.1,NA,"2023","2",727
"FASY_04",2023-07-19 08:47:00,2023-07-19 08:17:00,31680,30,"38.89","37.2",38.045,NA,"2023","2",1255
"FASY_04",2023-07-19 10:15:00,2023-07-19 09:45:00,5280,30,"40.12","41.12",40.62,NA,"2023","2",1343
"FASY_04",2023-07-19 12:15:00,2023-07-19 11:45:00,7200,30,"43.53","44.24",43.885,NA,"2023","2",1463
"FASY_04",2023-07-19 14:15:00,2023-07-19 13:45:00,7200,30,"43.61","43.02",43.315,NA,"2023","2",1583
"FASY_04",2023-07-19 16:15:00,2023-07-19 15:45:00,7200,30,"46.97",NA,46.97,NA,"2023","2",1703
"FASY_04",2023-07-19 20:55:00,2023-07-19 20:25:00,16800,30,"54.5",NA,54.5,NA,"2023","2",1983
"FASY_01",2023-08-10 09:55:00,2023-08-10 09:25:00,NA,30,"0.56",NA,0.56,NA,"2023","3",0
"FASY_01",2023-08-10 10:30:00,2023-08-10 10:00:00,2100,30,"1.94","1.57",1.755,NA,"2023","3",35
"FASY_01",2023-08-10 11:37:00,2023-08-10 11:07:00,4020,30,"1.35","1.45",1.4,NA,"2023","3",102
"FASY_01",2023-08-10 13:15:00,2023-08-10 12:45:00,5880,30,"7.44","10.99",9.215,NA,"2023","3",200
"FASY_01",2023-08-10 14:20:00,2023-08-10 13:50:00,3900,30,"16.41","18.23",17.32,NA,"2023","3",265
"FASY_01",2023-08-10 15:20:00,2023-08-10 14:50:00,3600,30,"19.98","21.21",20.595,NA,"2023","3",325
"FASY_01",2023-08-10 16:35:00,2023-08-10 16:05:00,4500,30,"28","28.3",28.15,NA,"2023","3",400
"FASY_01",2023-08-10 18:00:00,2023-08-10 17:30:00,5100,30,"32.5","32.8",32.65,NA,"2023","3",485
"FASY_01",2023-08-10 19:30:00,2023-08-10 19:00:00,5400,30,"36.1","37.05",36.575,NA,"2023","3",575
"FASY_01",2023-08-10 23:30:00,2023-08-10 23:00:00,14400,30,"48.8",NA,48.8,NA,"2023","3",815
"FASY_01",2023-08-11 09:15:00,2023-08-11 08:45:00,35100,30,"53.92","53.85",53.885,NA,"2023","3",1400
"FASY_01",2023-08-11 12:20:00,2023-08-11 11:50:00,11100,30,"59.56",NA,59.56,NA,"2023","3",1585
"FASY_02",2023-08-10 10:28:00,2023-08-10 09:58:00,NA,30,"0.61",NA,0.61,NA,"2023","3",0
"FASY_02",2023-08-10 10:52:00,2023-08-10 10:22:00,1440,30,"0.73","1.07",0.9,NA,"2023","3",24
"FASY_02",2023-08-10 11:49:00,2023-08-10 11:19:00,3420,30,"0.95","1.15",1.05,NA,"2023","3",81
"FASY_02",2023-08-10 13:17:00,2023-08-10 12:47:00,5280,30,"3.64","2.98",3.31,NA,"2023","3",169
"FASY_02",2023-08-10 14:22:00,2023-08-10 13:52:00,3900,30,"5.94","7.08",6.51,NA,"2023","3",234
"FASY_02",2023-08-10 15:39:00,2023-08-10 15:09:00,4620,30,"11.74","12.09",11.915,NA,"2023","3",311
"FASY_02",2023-08-10 17:24:00,2023-08-10 16:54:00,6300,30,"19.5","20.4",19.95,NA,"2023","3",416
"FASY_02",2023-08-10 18:31:00,2023-08-10 18:01:00,4020,30,"25.5",NA,25.5,"Not enough leafs left therefore only one sample taken","2023","3",483
"FASY_02",2023-08-10 20:06:00,2023-08-10 19:36:00,5700,30,"28.6","26.7",27.65,NA,"2023","3",578
"FASY_02",2023-08-10 23:30:00,2023-08-10 23:00:00,12240,30,"33.5",NA,33.5,NA,"2023","3",782
"FASY_02",2023-08-11 05:30:00,2023-08-11 05:00:00,21600,30,"40.7","41.8",41.25,NA,"2023","3",1142
"FASY_02",2023-08-11 09:15:00,2023-08-11 08:45:00,13500,30,"45.71","44.18",44.945,NA,"2023","3",1367
"FASY_02",2023-08-11 15:20:00,2023-08-11 14:50:00,21900,30,"68.62",NA,68.62,NA,"2023","3",1732
"FASY_03",2023-08-10 10:16:00,2023-08-10 09:46:00,NA,30,"0.68",NA,0.68,NA,"2023","3",0
"FASY_03",2023-08-10 10:50:00,2023-08-10 10:20:00,2040,30,"0.91","1.37",1.14,NA,"2023","3",34
"FASY_03",2023-08-10 11:48:00,2023-08-10 11:18:00,3480,30,"1.65","2.31",1.98,NA,"2023","3",92
"FASY_03",2023-08-10 13:16:00,2023-08-10 12:46:00,5280,30,"4.49","4.07",4.28,NA,"2023","3",180
"FASY_03",2023-08-10 14:22:00,2023-08-10 13:52:00,3960,30,"9.52","7.71",8.615,NA,"2023","3",246
"FASY_03",2023-08-10 15:38:00,2023-08-10 15:08:00,4560,30,"14.81","14",14.405,NA,"2023","3",322
"FASY_03",2023-08-10 17:23:00,2023-08-10 16:53:00,6300,30,"25.5","25",25.25,NA,"2023","3",427
"FASY_03",2023-08-10 18:30:00,2023-08-10 18:00:00,4020,30,"27.1","28.2",27.65,NA,"2023","3",494
"FASY_03",2023-08-10 20:05:00,2023-08-10 19:35:00,5700,30,"30.3",NA,30.3,"one leaf broke","2023","3",589
"FASY_03",2023-08-10 23:30:00,2023-08-10 23:00:00,12300,30,"36.9",NA,36.9,NA,"2023","3",794
"FASY_03",2023-08-11 05:30:00,2023-08-11 05:00:00,21600,30,"51.3","44.01",47.655,NA,"2023","3",1154
"FASY_03",2023-08-11 09:15:00,2023-08-11 08:45:00,13500,30,"55.6",NA,55.6,NA,"2023","3",1379
"FASY_04",2023-08-10 10:05:00,2023-08-10 09:35:00,NA,30,"0.65",NA,0.65,NA,"2023","3",0
"FASY_04",2023-08-10 10:32:00,2023-08-10 10:02:00,1620,30,"1.38","1.59",1.485,NA,"2023","3",27
"FASY_04",2023-08-10 11:38:00,2023-08-10 11:08:00,3960,30,"1.11","1.38",1.245,NA,"2023","3",93
"FASY_04",2023-08-10 13:15:00,2023-08-10 12:45:00,5820,30,"10.21","11.26",10.735,NA,"2023","3",190
"FASY_04",2023-08-10 14:21:00,2023-08-10 13:51:00,3960,30,"17.78","9.22",13.5,NA,"2023","3",256
"FASY_04",2023-08-10 15:21:00,2023-08-10 14:51:00,3600,30,"21.92","21.06",21.49,NA,"2023","3",316
"FASY_04",2023-08-10 16:35:00,2023-08-10 16:05:00,4440,30,"29","28.5",28.75,NA,"2023","3",390
"FASY_04",2023-08-10 18:01:00,2023-08-10 17:31:00,5160,30,"31.4","30.56",30.98,NA,"2023","3",476
"FASY_04",2023-08-10 19:32:00,2023-08-10 19:02:00,5460,30,"35.5","33.6",34.55,NA,"2023","3",567
"FASY_04",2023-08-10 23:30:00,2023-08-10 23:00:00,14280,30,"40.6",NA,40.6,NA,"2023","3",805
"FASY_04",2023-08-11 05:30:00,2023-08-11 05:00:00,21600,30,"56.3","56.4",56.35,NA,"2023","3",1165
"FREX_07",2023-08-10 10:45:00,2023-08-10 10:15:00,NA,30,"4.95",NA,4.95,NA,"2023","3",0
"FREX_07",2023-08-10 11:13:00,2023-08-10 10:43:00,1680,30,"11.51","11.89",11.7,NA,"2023","3",28
"FREX_07",2023-08-10 12:06:00,2023-08-10 11:36:00,3180,30,"18.94","19.45",19.195,NA,"2023","3",81
"FREX_07",2023-08-10 12:40:00,2023-08-10 12:10:00,2040,30,"20.22","21.14",20.68,NA,"2023","3",115
"FREX_07",2023-08-10 13:40:00,2023-08-10 13:10:00,3600,30,"25.53","23.6",24.565,NA,"2023","3",175
"FREX_07",2023-08-10 14:35:00,2023-08-10 14:05:00,3300,30,"26.84","25.62",26.23,NA,"2023","3",230
"FREX_07",2023-08-10 16:05:00,2023-08-10 15:35:00,5400,30,"28.15","28.62",28.385,NA,"2023","3",320
"FREX_07",2023-08-10 17:32:00,2023-08-10 17:02:00,5220,30,"29.89","30.5",30.195,NA,"2023","3",407
"FREX_07",2023-08-10 19:06:00,2023-08-10 18:36:00,5640,30,"32.8","32.6",32.7,NA,"2023","3",501
"FREX_07",2023-08-10 23:30:00,2023-08-10 23:00:00,15840,30,"35.1","36.6",35.85,NA,"2023","3",765
"FREX_07",2023-08-11 05:30:00,2023-08-11 05:00:00,21600,30,"41.5","41.8",41.65,NA,"2023","3",1125
"FREX_07",2023-08-11 09:15:00,2023-08-11 08:45:00,13500,30,"44.82","45.99",45.405,NA,"2023","3",1350
"FREX_07",2023-08-11 12:20:00,2023-08-11 11:50:00,11100,30,"45.3","48.23",46.765,NA,"2023","3",1535
"FREX_07",2023-08-11 15:20:00,2023-08-11 14:50:00,10800,30,"48.1","50.56",49.33,NA,"2023","3",1715
"FREX_07",2023-08-11 18:25:00,2023-08-11 17:55:00,11100,30,"53.2","52",52.6,NA,"2023","3",1900
"FREX_07",2023-08-12 07:52:00,2023-08-12 07:22:00,48420,30,"58","55.5",56.75,NA,"2023","3",2707
"FASY_01",2023-09-19 11:48:00,2023-09-19 11:18:00,NA,30,"0.5",NA,0.5,NA,"2023","4",0
"FASY_01",2023-09-19 12:25:00,2023-09-19 11:55:00,2220,30,"4.5","3",3.75,NA,"2023","4",37
"FASY_01",2023-09-19 13:25:00,2023-09-19 12:55:00,3600,30,"4.3","3.5",3.9,NA,"2023","4",97
"FASY_01",2023-09-19 15:00:00,2023-09-19 14:30:00,5700,30,"3.5","4",3.75,NA,"2023","4",192
"FASY_01",2023-09-19 17:00:00,2023-09-19 16:30:00,7200,30,"11.5","11",11.25,NA,"2023","4",312
"FASY_01",2023-09-19 18:30:00,2023-09-19 18:00:00,5400,30,"18.5","14",16.25,NA,"2023","4",402
"FASY_01",2023-09-19 23:45:00,2023-09-19 23:15:00,18900,30,"24.6","24.4",24.5,NA,"2023","4",717
"FASY_01",2023-09-20 07:30:00,2023-09-20 07:00:00,27900,30,"28.6","28.7",28.65,NA,"2023","4",1182
"FASY_01",2023-09-20 09:30:00,2023-09-20 09:00:00,7200,30,"30.4","30.9",30.65,NA,"2023","4",1302
"FASY_01",2023-09-20 11:30:00,2023-09-20 11:00:00,7200,30,"34.5","36",35.25,NA,"2023","4",1422
"FASY_01",2023-09-20 16:00:00,2023-09-20 15:30:00,16200,30,"41.5","42",41.75,NA,"2023","4",1692
"FASY_01",2023-09-20 17:00:00,2023-09-20 16:30:00,3600,30,"43","43.5",43.25,NA,"2023","4",1752
"FASY_01",2023-09-20 21:00:00,2023-09-20 20:30:00,14400,30,"44.6","47",45.8,NA,"2023","4",1992
"FASY_01",2023-09-21 09:00:00,2023-09-21 08:30:00,43200,30,"49.6",NA,49.6,NA,"2023","4",2712
"FASY_02",2023-09-21 08:00:00,2023-09-21 07:30:00,NA,30,"1.2",NA,1.2,NA,"2023","4",0
"FASY_02",2023-09-21 08:30:00,2023-09-21 08:00:00,1800,30,"1.5",NA,1.5,NA,"2023","4",30
"FASY_02",2023-09-21 09:30:00,2023-09-21 09:00:00,3600,30,"4","7",5.5,NA,"2023","4",90
"FASY_02",2023-09-21 11:30:00,2023-09-21 11:00:00,7200,30,"11","11.9",11.45,NA,"2023","4",210
"FASY_02",2023-09-21 13:30:00,2023-09-21 13:00:00,7200,30,"17","12.5",14.75,NA,"2023","4",330
"FASY_02",2023-09-21 15:30:00,2023-09-21 15:00:00,7200,30,"18","16.5",17.25,NA,"2023","4",450
"FASY_02",2023-09-21 19:30:00,2023-09-21 19:00:00,14400,30,"31","30",30.5,"after this sampling temperature reduced to 13 C and relative humdity increased to 65%","2023","4",690
"FASY_02",2023-09-22 07:10:00,2023-09-22 06:40:00,42000,30,"43",NA,43,"after this sampling temperature increaseded to 13 C and relative humdity decreased to 50%","2023","4",1390
"FASY_02",2023-09-22 08:45:00,2023-09-22 08:15:00,5700,30,"44","47",45.5,NA,"2023","4",1485
"FASY_02",2023-09-22 10:45:00,2023-09-22 10:15:00,7200,30,"56","52",54,NA,"2023","4",1605
"FASY_02",2023-09-22 12:45:00,2023-09-22 12:15:00,7200,30,"56",NA,56,NA,"2023","4",1725
"FASY_03",2023-09-19 11:25:00,2023-09-19 10:55:00,NA,30,"0.2",NA,0.2,NA,"2023","4",0
"FASY_03",2023-09-19 11:55:00,2023-09-19 11:25:00,1800,30,"2.1","1.8",1.95,NA,"2023","4",30
"FASY_03",2023-09-19 12:55:00,2023-09-19 12:25:00,3600,30,"4.5","4.5",4.5,NA,"2023","4",90
"FASY_03",2023-09-19 14:30:00,2023-09-19 14:00:00,5700,30,"6.5","8.5",7.5,NA,"2023","4",185
"FASY_03",2023-09-19 16:30:00,2023-09-19 16:00:00,7200,30,"15","19",17,NA,"2023","4",305
"FASY_03",2023-09-19 17:30:00,2023-09-19 17:00:00,3600,30,"19.8",NA,19.8,"the second twig broke","2023","4",365
"FASY_03",2023-09-19 19:00:00,2023-09-19 18:30:00,5400,30,"24","25",24.5,NA,"2023","4",455
"FASY_03",2023-09-19 23:45:00,2023-09-19 23:15:00,17100,30,"29.8","28.6",29.2,NA,"2023","4",740
"FASY_03",2023-09-20 07:30:00,2023-09-20 07:00:00,27900,30,"32.4","33.9",33.15,NA,"2023","4",1205
"FASY_03",2023-09-20 09:30:00,2023-09-20 09:00:00,7200,30,"38.5","38.1",38.3,NA,"2023","4",1325
"FASY_03",2023-09-20 11:30:00,2023-09-20 11:00:00,7200,30,"45.5","42.5",44,NA,"2023","4",1445
"FASY_03",2023-09-20 16:00:00,2023-09-20 15:30:00,16200,30,"47",NA,47,NA,"2023","4",1715
"FASY_03",2023-09-20 19:00:00,2023-09-20 18:30:00,10800,30,"54","55.5",54.75,NA,"2023","4",1895
"FASY_04",2023-09-19 11:28:00,2023-09-19 10:58:00,NA,30,"0.9",NA,0.9,NA,"2023","4",0
"FASY_04",2023-09-19 11:58:00,2023-09-19 11:28:00,1800,30,"1.2","2.2",1.7,NA,"2023","4",30
"FASY_04",2023-09-19 12:58:00,2023-09-19 12:28:00,3600,30,"7.5","8",7.75,NA,"2023","4",90
"FASY_04",2023-09-19 14:00:00,2023-09-19 13:30:00,3720,30,"16.5","16.6",16.55,NA,"2023","4",152
"FASY_04",2023-09-19 15:00:00,2023-09-19 14:30:00,3600,30,"19.5","21.5",20.5,NA,"2023","4",212
"FASY_04",2023-09-19 16:30:00,2023-09-19 16:00:00,5400,30,"24.5","25",24.75,NA,"2023","4",302
"FASY_04",2023-09-19 18:30:00,2023-09-19 18:00:00,7200,30,"29.2",NA,29.2,NA,"2023","4",422
"FASY_04",2023-09-19 23:45:00,2023-09-19 23:15:00,18900,30,"36.4","37.3",36.85,NA,"2023","4",737
"FASY_04",2023-09-20 07:30:00,2023-09-20 07:00:00,27900,30,"42.9","48.5",45.7,NA,"2023","4",1202
"FASY_04",2023-09-20 09:30:00,2023-09-20 09:00:00,7200,30,"49.2","54",51.6,NA,"2023","4",1322
"FASY_04",2023-09-20 11:30:00,2023-09-20 11:00:00,7200,30,"55","60",57.5,NA,"2023","4",1442
"FASY_04",2023-09-20 13:30:00,2023-09-20 13:00:00,7200,30,"57",NA,57,NA,"2023","4",1562
"FREX_05",2023-09-21 07:50:00,2023-09-21 07:20:00,NA,30,"4.5",NA,4.5,NA,"2023","4",0
"FREX_05",2023-09-21 08:27:00,2023-09-21 07:57:00,2220,30,"13","15.5",14.25,NA,"2023","4",37
"FREX_05",2023-09-21 09:30:00,2023-09-21 09:00:00,3780,30,"25.5","28.5",27,NA,"2023","4",100
"FREX_05",2023-09-21 10:30:00,2023-09-21 10:00:00,3600,30,"31","29.5",30.25,NA,"2023","4",160
"FREX_05",2023-09-21 11:30:00,2023-09-21 11:00:00,3600,30,"31.5","32",31.75,NA,"2023","4",220
"FREX_05",2023-09-21 12:30:00,2023-09-21 12:00:00,3600,30,"33","34",33.5,NA,"2023","4",280
"FREX_05",2023-09-21 14:00:00,2023-09-21 13:30:00,5400,30,"37","36.5",36.75,NA,"2023","4",370
"FREX_05",2023-09-21 16:00:00,2023-09-21 15:30:00,7200,30,"42","41.5",41.75,NA,"2023","4",490
"FREX_05",2023-09-21 18:00:00,2023-09-21 17:30:00,7200,30,"46","43.5",44.75,NA,"2023","4",610
"FREX_05",2023-09-21 19:50:00,2023-09-21 19:20:00,6600,30,"51","49.5",50.25,NA,"2023","4",720
"FREX_05",2023-09-22 07:10:00,2023-09-22 06:40:00,40800,30,"57","60",58.5,NA,"2023","4",1400
"FREX_06",2023-09-19 10:55:00,2023-09-19 10:25:00,NA,30,"2.1",NA,2.1,NA,"2023","4",0
"FREX_06",2023-09-19 11:28:00,2023-09-19 10:58:00,1980,30,"22.5","24",23.25,NA,"2023","4",33
"FREX_06",2023-09-19 12:25:00,2023-09-19 11:55:00,3420,30,"26.5","29",27.75,NA,"2023","4",90
"FREX_06",2023-09-19 13:30:00,2023-09-19 13:00:00,3900,30,"31.5","32.5",32,NA,"2023","4",155
"FREX_06",2023-09-19 14:30:00,2023-09-19 14:00:00,3600,30,"35","33",34,NA,"2023","4",215
"FREX_06",2023-09-19 15:30:00,2023-09-19 15:00:00,3600,30,"35","35.5",35.25,NA,"2023","4",275
"FREX_06",2023-09-19 17:00:00,2023-09-19 16:30:00,5400,30,"38","37.5",37.75,NA,"2023","4",365
"FREX_06",2023-09-19 18:30:00,2023-09-19 18:00:00,5400,30,"40",NA,40,NA,"2023","4",455
"FREX_06",2023-09-19 23:45:00,2023-09-19 23:15:00,18900,30,"46.5","43",44.75,NA,"2023","4",770
"FREX_06",2023-09-20 07:35:00,2023-09-20 07:05:00,28200,30,"47","47.5",47.25,NA,"2023","4",1240
"FREX_06",2023-09-20 13:35:00,2023-09-20 13:05:00,21600,30,"55","54",54.5,NA,"2023","4",1600
"FREX_06",2023-09-20 20:10:00,2023-09-20 19:40:00,23700,30,"58",NA,58,NA,"2023","4",1995
"FREX_07",2023-09-21 08:30:00,2023-09-21 08:00:00,NA,30,"9.5",NA,9.5,NA,"2023","4",0
"FREX_07",2023-09-21 09:00:00,2023-09-21 08:30:00,1800,30,"14.5","13",13.75,NA,"2023","4",30
"FREX_07",2023-09-21 10:00:00,2023-09-21 09:30:00,3600,30,"22.5","23",22.75,NA,"2023","4",90
"FREX_07",2023-09-21 11:00:00,2023-09-21 10:30:00,3600,30,"24.9","27.6",26.25,NA,"2023","4",150
"FREX_07",2023-09-21 12:00:00,2023-09-21 11:30:00,3600,30,"28","27.5",27.75,NA,"2023","4",210
"FREX_07",2023-09-21 14:00:00,2023-09-21 13:30:00,7200,30,"28.5","29",28.75,NA,"2023","4",330
"FREX_07",2023-09-21 16:00:00,2023-09-21 15:30:00,7200,30,"30","33",31.5,NA,"2023","4",450
"FREX_07",2023-09-21 18:00:00,2023-09-21 17:30:00,7200,30,"33.5",NA,33.5,NA,"2023","4",570
"FREX_07",2023-09-21 19:50:00,2023-09-21 19:20:00,6600,30,"36.5","37",36.75,NA,"2023","4",680
"FREX_07",2023-09-22 07:10:00,2023-09-22 06:40:00,40800,30,"42.5","44",43.25,NA,"2023","4",1360
"FREX_07",2023-09-22 08:45:00,2023-09-22 08:15:00,5700,30,"45","47",46,NA,"2023","4",1455
"FREX_07",2023-09-22 10:45:00,2023-09-22 10:15:00,7200,30,"52","51",51.5,NA,"2023","4",1575
"FREX_07",2023-09-22 12:45:00,2023-09-22 12:15:00,7200,30,"55.5","57",56.25,NA,"2023","4",1695
"FREX_08",2023-09-19 10:38:00,2023-09-19 10:08:00,NA,30,"9.1",NA,9.1,NA,"2023","4",0
"FREX_08",2023-09-19 11:05:00,2023-09-19 10:35:00,1620,30,"12.5","10.5",11.5,NA,"2023","4",27
"FREX_08",2023-09-19 12:00:00,2023-09-19 11:30:00,3300,30,"28.5","14.5",21.5,NA,"2023","4",82
"FREX_08",2023-09-19 13:00:00,2023-09-19 12:30:00,3600,30,"25","30.2",27.6,NA,"2023","4",142
"FREX_08",2023-09-19 14:00:00,2023-09-19 13:30:00,3600,30,"31.5","31.8",31.65,NA,"2023","4",202
"FREX_08",2023-09-19 15:00:00,2023-09-19 14:30:00,3600,30,"33","33.5",33.25,NA,"2023","4",262
"FREX_08",2023-09-19 16:30:00,2023-09-19 16:00:00,5400,30,"34.2","33.8",34,NA,"2023","4",352
"FREX_08",2023-09-19 18:30:00,2023-09-19 18:00:00,7200,30,"37",NA,37,NA,"2023","4",472
"FREX_08",2023-09-19 23:45:00,2023-09-19 23:15:00,18900,30,"38.5","38.6",38.55,NA,"2023","4",787
"FREX_08",2023-09-20 07:30:00,2023-09-20 07:00:00,27900,30,"39.5","42.5",41,NA,"2023","4",1252
"FREX_08",2023-09-20 09:30:00,2023-09-20 09:00:00,7200,30,"44","45.3",44.65,NA,"2023","4",1372
"FREX_08",2023-09-20 11:30:00,2023-09-20 11:00:00,7200,30,"51.5","52.8",52.15,NA,"2023","4",1492
"FREX_08",2023-09-20 13:30:00,2023-09-20 13:00:00,7200,30,"53.7","53",53.35,NA,"2023","4",1612
"FREX_08",2023-09-20 20:00:00,2023-09-20 19:30:00,23400,30,"57.5","60",58.75,NA,"2023","4",2002
"FASY_01",2024-05-29 08:07:00,NA,NA,NA,"0.35","0.48",0.415,NA,"2024","1",0
"FASY_01",2024-05-29 10:29:00,2024-05-29 09:45:00,8520,44,"1.43","0.44",0.935,NA,"2024","1",142
"FASY_01",2024-05-29 11:59:00,2024-05-29 10:50:00,5400,69,"5","2.7",3.85,"psi1 too fast","2024","1",232
"FASY_01",2024-05-29 13:01:00,2024-05-29 12:35:00,3720,26,"8.6999999999999993",NA,8.7,NA,"2024","1",294
"FASY_01",2024-05-29 14:30:00,2024-05-29 14:00:00,5340,30,"14",NA,14,NA,"2024","1",383
"FASY_01",2024-05-29 16:38:00,2024-05-29 16:10:00,7680,28,"17.5",NA,17.5,NA,"2024","1",511
"FASY_01",2024-05-29 18:47:00,2024-05-29 18:05:00,7740,42,"20",NA,20,NA,"2024","1",640
"FASY_01",2024-05-29 23:57:00,2024-05-29 23:36:00,18600,21,"24.5",NA,24.5,NA,"2024","1",950
"FASY_01",2024-05-30 07:20:00,2024-05-30 07:00:00,26580,20,"34.4",NA,34.4,NA,"2024","1",1393
"FASY_01",2024-05-30 11:51:00,2024-05-30 11:30:00,16260,21,NA,NA,38,"38, air was escaping","2024","1",1664
"FASY_01",2024-05-30 15:23:00,2024-05-30 15:00:00,12720,23,"45+",NA,45,"30, air escaping, sample escaping from collar","2024","1",1876
"FASY_01",2024-05-30 18:30:00,2024-05-30 18:00:00,11220,30,"48",NA,48,NA,"2024","1",2063
"FASY_01",2024-05-31 11:53:00,2024-05-31 11:22:00,62580,31,"53+",NA,53,"air escaping","2024","1",3106
"FASY_02",2024-05-29 08:13:00,NA,NA,NA,"0.32","0.34",0.33,NA,"2024","1",0
"FASY_02",2024-05-29 10:25:00,2024-05-29 09:45:00,7920,40,"2.5","4.36",3.43,NA,"2024","1",132
"FASY_02",2024-05-29 11:43:00,2024-05-29 10:50:00,4680,53,"0.7","4.3",4.3,NA,"2024","1",210
"FASY_02",2024-05-29 13:04:00,2024-05-29 12:35:00,4860,29,"11.3",NA,11.3,NA,"2024","1",291
"FASY_02",2024-05-29 14:33:00,2024-05-29 14:00:00,5340,33,"12",NA,12,NA,"2024","1",380
"FASY_02",2024-05-29 16:40:00,2024-05-29 16:10:00,7620,30,"12.3",NA,12.3,NA,"2024","1",507
"FASY_02",2024-05-29 18:36:00,2024-05-29 18:05:00,6960,31,"14.1",NA,14.1,NA,"2024","1",623
"FASY_02",2024-05-30,2024-05-29 23:36:00,19440,24,"18",NA,18,NA,"2024","1",947
"FASY_02",2024-05-30 07:24:00,2024-05-30 07:00:00,26640,24,"24.8",NA,24.8,NA,"2024","1",1391
"FASY_02",2024-05-30 11:51:00,2024-05-30 11:30:00,16020,21,"27.7",NA,27.7,NA,"2024","1",1658
"FASY_02",2024-05-30 15:26:00,2024-05-30 15:00:00,12900,26,"29.6",NA,29.6,NA,"2024","1",1873
"FASY_02",2024-05-30 18:34:00,2024-05-30 18:00:00,11280,34,"41",NA,41,NA,"2024","1",2061
"FASY_02",2024-05-31 11:55:00,2024-05-31 11:22:00,62460,33,"50+",NA,50,"air escaping","2024","1",3102
"FASY_03",2024-05-29 08:20:00,NA,NA,NA,"1.02","0.61",0.815,NA,"2024","1",0
"FASY_03",2024-05-29 10:21:00,2024-05-29 09:45:00,7260,36,"4.8","3.48",4.14,NA,"2024","1",121
"FASY_03",2024-05-29 11:55:00,2024-05-29 10:50:00,5640,65,"11.4","8.1",9.75,NA,"2024","1",215
"FASY_03",2024-05-29 13:09:00,2024-05-29 12:35:00,4440,34,"12.3",NA,12.3,NA,"2024","1",289
"FASY_03",2024-05-29 14:35:00,2024-05-29 14:00:00,5160,35,"14.3","15.4",14.85,NA,"2024","1",375
"FASY_03",2024-05-29 16:42:00,2024-05-29 16:10:00,7620,32,"16.3",NA,16.3,NA,"2024","1",502
"FASY_03",2024-05-29 18:40:00,2024-05-29 18:05:00,7080,35,"18.7","18.5",18.6,NA,"2024","1",620
"FASY_03",2024-05-30 00:04:00,2024-05-29 23:36:00,19440,28,"23.2",NA,23.2,NA,"2024","1",944
"FASY_03",2024-05-30 07:27:00,2024-05-30 07:00:00,26580,27,"28.5",NA,28.5,NA,"2024","1",1387
"FASY_03",2024-05-30 11:51:00,2024-05-30 11:30:00,15840,21,"45",NA,45,"sample was rising out of the collar, air escaping","2024","1",1651
"FASY_03",2024-05-30 15:30:00,2024-05-30 15:00:00,13140,30,NA,NA,55,"nothing at 55, then stop due to too much air escaping","2024","1",1870
"FASY_03",2024-05-30 18:38:00,2024-05-30 18:00:00,11280,38,"64",NA,64,NA,"2024","1",2058
"FASY_03",2024-05-31 11:58:00,2024-05-31 11:22:00,62400,36,"48+",NA,NA,"air escaping","2024","1",3098
"FASY_04",2024-05-29 08:17:00,NA,NA,NA,"0.33","0.28",0.305,NA,"2024","1",0
"FASY_04",2024-05-29 10:17:00,2024-05-29 09:45:00,7200,32,"0.97","1.19",1.08,NA,"2024","1",120
"FASY_04",2024-05-29 11:50:00,2024-05-29 10:50:00,5580,60,"1.2","1.4",1.3,NA,"2024","1",213
"FASY_04",2024-05-29 13:11:00,2024-05-29 12:35:00,4860,36,"5.3",NA,5.3,NA,"2024","1",294
"FASY_04",2024-05-29 14:39:00,2024-05-29 14:00:00,5280,39,"7.9","11.4",9.65,NA,"2024","1",382
"FASY_04",2024-05-29 16:45:00,2024-05-29 16:10:00,7560,35,"13.3",NA,13.3,NA,"2024","1",508
"FASY_04",2024-05-29 18:44:00,2024-05-29 18:05:00,7140,39,"16.600000000000001","19.4",18,NA,"2024","1",627
"FASY_04",2024-05-30 00:07:00,2024-05-29 23:36:00,19380,31,"27.2",NA,27.2,NA,"2024","1",950
"FASY_04",2024-05-30 07:31:00,2024-05-30 07:00:00,26640,31,"37.799999999999997",NA,37.8,NA,"2024","1",1394
"FASY_04",2024-05-30 11:51:00,2024-05-30 11:30:00,15600,21,"40",NA,40,NA,"2024","1",1654
"FASY_04",2024-05-30 15:33:00,2024-05-30 15:00:00,13320,33,"50.9",NA,50.9,NA,"2024","1",1876
"FASY_04",2024-05-30 18:40:00,2024-05-30 18:00:00,11220,40,"55",NA,55,NA,"2024","1",2063
"FASY_04",2024-05-31 12:01:00,2024-05-31 11:22:00,62460,39,"43+",NA,NA,"air escaping","2024","1",3104
"FREX_05",2024-05-29 08:33:00,NA,NA,NA,"1.19","0.99",1.09,NA,"2024","1",0
"FREX_05",2024-05-29 09:55:00,2024-05-29 09:15:00,4920,40,"14.29","5.74",5.74,"2,49 for first leaf ?","2024","1",82
"FREX_05",2024-05-29 10:59:00,2024-05-29 10:36:00,3840,23,"14.8","15.4",15.1,NA,"2024","1",146
"FREX_05",2024-05-29 12:11:00,2024-05-29 11:39:00,4320,32,"17.4","5.9",17.4,NA,"2024","1",218
"FREX_05",2024-05-29 14:06:00,2024-05-29 13:19:00,6900,47,"14.8",NA,14.8,NA,"2024","1",333
"FREX_05",2024-05-29 15:52:00,2024-05-29 15:20:00,6360,32,"18.5",NA,18.5,NA,"2024","1",439
"FREX_05",2024-05-29 18:26:00,2024-05-29 17:45:00,9240,41,"17.7",NA,17.7,NA,"2024","1",593
"FREX_05",2024-05-30 00:10:00,2024-05-29 23:36:00,20640,34,"27",NA,27,"first bubbles rising, nothing further until leak at 33","2024","1",937
"FREX_05",2024-05-30 07:35:00,2024-05-30 07:00:00,26700,35,"23.2",NA,23.2,NA,"2024","1",1382
"FREX_05",2024-05-30 11:51:00,2024-05-30 11:30:00,15360,21,"24",NA,24,NA,"2024","1",1638
"FREX_05",2024-05-30 15:37:00,2024-05-30 15:00:00,13560,37,"19.8",NA,19.8,NA,"2024","1",1864
"FREX_05",2024-05-30 18:43:00,2024-05-30 18:00:00,11160,43,"43.3",NA,43.3,NA,"2024","1",2050
"FREX_05",2024-05-31 12:08:00,2024-05-31 11:22:00,62700,46,NA,NA,NA,"first bubbles 17,3 then 23,4 27","2024","1",3095
"FREX_06",2024-05-29 08:30:00,NA,NA,NA,"1.38","1.27",1.325,NA,"2024","1",0
"FREX_06",2024-05-29 09:58:00,2024-05-29 09:15:00,5280,43,"2.85","0.86",2.85,NA,"2024","1",88
"FREX_06",2024-05-29 11:15:00,2024-05-29 10:36:00,4620,39,"17.1","5.9",5.9,NA,"2024","1",165
"FREX_06",2024-05-29 12:14:00,2024-05-29 11:39:00,3540,35,"5.9","3.6",5.9,NA,"2024","1",224
"FREX_06",2024-05-29 14:13:00,2024-05-29 13:19:00,7140,54,"17.3",NA,17.3,NA,"2024","1",343
"FREX_06",2024-05-29 15:55:00,2024-05-29 15:20:00,6120,35,"17.4",NA,17.4,NA,"2024","1",445
"FREX_06",2024-05-29 18:23:00,2024-05-29 17:45:00,8880,38,"18.5",NA,18.5,"first bubbles at 6,2 then waited","2024","1",593
"FREX_06",2024-05-30 00:18:00,2024-05-29 23:36:00,21300,42,"18.6",NA,18.6,NA,"2024","1",948
"FREX_06",2024-05-30 07:40:00,2024-05-30 07:00:00,26520,40,"23.6",NA,23.6,NA,"2024","1",1390
"FREX_06",2024-05-30 11:51:00,2024-05-30 11:30:00,15060,21,"22.3",NA,22.3,NA,"2024","1",1641
"FREX_06",2024-05-30 15:40:00,2024-05-30 15:00:00,13740,40,"23.2",NA,23.2,NA,"2024","1",1870
"FREX_06",2024-05-30 18:47:00,2024-05-30 18:00:00,11220,47,"23.7",NA,23.7,NA,"2024","1",2057
"FREX_06",2024-05-31 12:11:00,2024-05-31 11:22:00,62640,49,"28.9",NA,28.9,"first bubbles 9,6","2024","1",3101
"FREX_07",2024-05-29 08:37:00,NA,NA,NA,"1.2","1",1.1,NA,"2024","1",0
"FREX_07",2024-05-29 10:00:00,2024-05-29 09:15:00,4980,45,"8.3","12.22",8.3,NA,"2024","1",83
"FREX_07",2024-05-29 11:20:00,2024-05-29 10:36:00,4800,44,"0.7","14",14,NA,"2024","1",163
"FREX_07",2024-05-29 12:18:00,2024-05-29 11:39:00,3480,39,"4.9",NA,4.9,NA,"2024","1",221
"FREX_07",2024-05-29 14:20:00,2024-05-29 13:19:00,7320,61,"16.3",NA,16.3,NA,"2024","1",343
"FREX_07",2024-05-29 15:57:00,2024-05-29 15:20:00,5820,37,"17.9",NA,17.9,NA,"2024","1",440
"FREX_07",2024-05-29 18:16:00,2024-05-29 17:45:00,8340,31,"19.7",NA,19.7,NA,"2024","1",579
"FREX_07",2024-05-30 00:22:00,2024-05-29 23:36:00,21960,46,"20.1",NA,20.1,NA,"2024","1",945
"FREX_07",2024-05-30 07:45:00,2024-05-30 07:00:00,26580,45,"15.6",NA,15.6,"first start 15,6","2024","1",1388
"FREX_07",2024-05-30 11:51:00,2024-05-30 11:30:00,14760,21,"29.1",NA,29.1,NA,"2024","1",1634
"FREX_07",2024-05-30 15:44:00,2024-05-30 15:00:00,13980,44,"25.3",NA,25.3,NA,"2024","1",1867
"FREX_07",2024-05-30 18:52:00,2024-05-30 18:00:00,11280,52,NA,NA,34,"sample ripped above collar at 34, too weak","2024","1",2055
"FREX_07",2024-05-31 12:14:00,2024-05-31 11:22:00,62520,52,NA,NA,38,"38+ rising out of collar first at 24+","2024","1",3097
"FREX_08",2024-05-29 08:26:00,NA,NA,NA,"5.44","2.25",2.25,NA,"2024","1",0
"FREX_08",2024-05-29 10:10:00,2024-05-29 09:15:00,6240,55,"2","2.09",2.045,NA,"2024","1",104
"FREX_08",2024-05-29 11:09:00,2024-05-29 10:36:00,3540,33,"6.3","3.39",4.845,NA,"2024","1",163
"FREX_08",2024-05-29 12:21:00,2024-05-29 11:39:00,4320,42,"1.8","1.5",1.65,NA,"2024","1",235
"FREX_08",2024-05-29 14:25:00,2024-05-29 13:19:00,7440,66,"13.8",NA,13.8,NA,"2024","1",359
"FREX_08",2024-05-29 16:02:00,2024-05-29 15:20:00,5820,42,"15.2",NA,15.2,NA,"2024","1",456
"FREX_08",2024-05-29 18:20:00,2024-05-29 17:45:00,8280,35,"15.5",NA,15.5,"first bubbles at 3,5, then wait","2024","1",594
"FREX_08",2024-05-30 00:28:00,2024-05-29 23:36:00,22080,52,"19.3",NA,19.3,NA,"2024","1",962
"FREX_08",2024-05-30 08:21:00,2024-05-30 07:53:00,28380,28,"16.3",NA,16.3,"sample didnt work, resample","2024","1",1435
"FREX_08",2024-05-30 11:51:00,2024-05-30 11:30:00,12600,21,"20",NA,20,NA,"2024","1",1645
"FREX_08",2024-05-30 15:48:00,2024-05-30 15:00:00,14220,48,"17.3",NA,17.3,NA,"2024","1",1882
"FREX_08",2024-05-30 18:55:00,2024-05-30 18:00:00,11220,55,"12.3",NA,12.3,"strong bubbles at 12,3, then 15,8","2024","1",2069
"FREX_08",2024-05-31 12:18:00,2024-05-31 11:22:00,62580,56,NA,NA,24.7,"bubbles at 24,7 30,7 and 35","2024","1",3112
"FASY_01",2024-07-10 09:36:00,2024-07-10 09:10:00,NA,26,"4.8",NA,4.8,"cav5","2024","2",0
"FASY_01",2024-07-10 10:20:00,2024-07-10 09:55:00,2640,25,"12.8",NA,12.8,NA,"2024","2",44
"FASY_01",2024-07-10 11:50:00,2024-07-10 11:28:00,5400,22,"8.7",NA,8.7,"RH rose to 90%","2024","2",134
"FASY_01",2024-07-10 12:58:00,2024-07-10 12:32:00,4080,26,"20",NA,20,NA,"2024","2",202
"FASY_01",2024-07-10 14:37:00,2024-07-10 14:12:00,5940,25,"25.8",NA,25.8,NA,"2024","2",301
"FASY_01",2024-07-10 16:35:00,2024-07-10 16:12:00,7080,23,"30",NA,30,NA,"2024","2",419
"FASY_01",2024-07-10 19:26:00,2024-07-10 19:00:00,10260,26,"25.5",NA,25.5,NA,"2024","2",590
"FASY_01",2024-07-10 23:35:00,2024-07-10 23:15:00,14940,20,"37",NA,37,NA,"2024","2",839
"FASY_01",2024-07-11 09:53:00,2024-07-11 09:05:00,37080,48,"39",NA,39,NA,"2024","2",1457
"FASY_01",2024-07-11 17:30:00,2024-07-11 13:38:00,27420,232,"42",NA,42,NA,"2024","2",1914
"FASY_01",2024-07-11 18:19:00,2024-07-11 17:49:00,2940,30,"45",NA,45,NA,"2024","2",1963
"FASY_01",2024-07-12 10:15:00,2024-07-12 09:12:00,57360,63,NA,NA,NA,"58","2024","2",2919
"FASY_01",2024-07-12 11:22:00,2024-07-12 11:00:00,4020,22,"48",NA,48,NA,"2024","2",2986
"FASY_01",2024-07-12 12:36:00,2024-07-12 12:10:00,4440,26,"55",NA,55,NA,"2024","2",3060
"FASY_01",2024-07-12 15:34:00,2024-07-12 15:05:00,10680,29,"55",NA,55,NA,"2024","2",3238
"FASY_01",2024-07-12 17:45:00,2024-07-12 17:20:00,7860,25,NA,NA,65,"65+","2024","2",3369
"FASY_02",2024-07-10 09:38:00,2024-07-10 09:10:00,NA,28,"2.4",NA,2.4,"cav1","2024","2",0
"FASY_02",2024-07-10 10:22:00,2024-07-10 09:55:00,2640,27,"3.9",NA,3.9,NA,"2024","2",44
"FASY_02",2024-07-10 12:17:00,2024-07-10 11:28:00,6900,49,"11.8",NA,11.8,NA,"2024","2",159
"FASY_02",2024-07-10 13:00:00,2024-07-10 12:32:00,2580,28,"13.2",NA,13.2,NA,"2024","2",202
"FASY_02",2024-07-10 14:39:00,2024-07-10 14:12:00,5940,27,"14.7",NA,14.7,NA,"2024","2",301
"FASY_02",2024-07-10 16:38:00,2024-07-10 16:12:00,7140,26,"28",NA,28,NA,"2024","2",420
"FASY_02",2024-07-10 19:29:00,2024-07-10 19:00:00,10260,29,"24",NA,24,NA,"2024","2",591
"FASY_02",2024-07-10 23:37:00,2024-07-10 23:15:00,14880,22,"28",NA,28,NA,"2024","2",839
"FASY_02",2024-07-11 09:35:00,2024-07-11 09:05:00,35880,30,"27",NA,27,NA,"2024","2",1437
"FASY_02",2024-07-11 17:33:00,2024-07-11 13:38:00,28680,235,"29",NA,29,NA,"2024","2",1915
"FASY_02",2024-07-11 18:22:00,2024-07-11 17:49:00,2940,33,"32",NA,32,NA,"2024","2",1964
"FASY_02",2024-07-12 09:50:00,2024-07-12 09:12:00,55680,38,"36",NA,36,NA,"2024","2",2892
"FASY_02",2024-07-12 12:40:00,2024-07-12 12:10:00,10200,30,"40",NA,40,NA,"2024","2",3062
"FASY_02",2024-07-12 15:37:00,2024-07-12 15:05:00,10620,32,"42.5",NA,42.5,NA,"2024","2",3239
"FASY_02",2024-07-12 17:24:00,2024-07-12 16:58:00,6420,26,"47",NA,47,NA,"2024","2",3346
"FASY_02",2024-07-12 17:24:00,2024-07-12 19:15:00,0,-111,"63",NA,63,NA,"2024","2",3346
"FASY_03",2024-07-10 09:39:00,2024-07-10 09:10:00,NA,29,"3.4",NA,3.4,"cav7","2024","2",0
"FASY_03",2024-07-10 10:24:00,2024-07-10 09:55:00,2700,29,"12.5",NA,12.5,NA,"2024","2",45
"FASY_03",2024-07-10 12:19:00,2024-07-10 11:28:00,6900,51,"14.5",NA,14.5,NA,"2024","2",160
"FASY_03",2024-07-10 13:02:00,2024-07-10 12:32:00,2580,30,"15.8",NA,15.8,NA,"2024","2",203
"FASY_03",2024-07-10 14:41:00,2024-07-10 14:12:00,5940,29,"23",NA,23,NA,"2024","2",302
"FASY_03",2024-07-10 16:40:00,2024-07-10 16:12:00,7140,28,"27",NA,27,NA,"2024","2",421
"FASY_03",2024-07-10 19:32:00,2024-07-10 19:00:00,10320,32,"37",NA,37,NA,"2024","2",593
"FASY_03",2024-07-10 23:41:00,2024-07-10 23:15:00,14940,26,"35.5",NA,35.5,NA,"2024","2",842
"FASY_03",2024-07-11 09:38:00,2024-07-11 09:05:00,35820,33,"36",NA,36,NA,"2024","2",1439
"FASY_03",2024-07-11 17:37:00,2024-07-11 13:38:00,28740,239,"38",NA,38,NA,"2024","2",1918
"FASY_03",2024-07-11 18:24:00,2024-07-11 17:49:00,2820,35,"42",NA,42,NA,"2024","2",1965
"FASY_03",2024-07-12 09:53:00,2024-07-12 09:12:00,55740,41,"50",NA,50,NA,"2024","2",2894
"FASY_03",2024-07-12 12:44:00,2024-07-12 12:10:00,10260,34,"53",NA,53,NA,"2024","2",3065
"FASY_03",2024-07-12 15:40:00,2024-07-12 15:05:00,10560,35,"65",NA,65,"59+","2024","2",3241
"FASY_04",2024-07-10 09:40:00,2024-07-10 09:10:00,NA,30,"2.1",NA,2.1,"cav19","2024","2",0
"FASY_04",2024-07-10 10:26:00,2024-07-10 09:55:00,2760,31,"4",NA,4,NA,"2024","2",46
"FASY_04",2024-07-10 12:21:00,2024-07-10 11:28:00,6900,53,"12.4",NA,12.4,"16.5","2024","2",161
"FASY_04",2024-07-10 13:04:00,2024-07-10 12:32:00,2580,32,"14.6",NA,14.6,NA,"2024","2",204
"FASY_04",2024-07-10 14:43:00,2024-07-10 14:12:00,5940,31,"18",NA,18,NA,"2024","2",303
"FASY_04",2024-07-10 16:44:00,2024-07-10 16:12:00,7260,32,"27",NA,27,NA,"2024","2",424
"FASY_04",2024-07-10 19:35:00,2024-07-10 19:00:00,10260,35,"33.5",NA,33.5,NA,"2024","2",595
"FASY_04",2024-07-10 23:43:00,2024-07-10 23:15:00,14880,28,"34",NA,34,NA,"2024","2",843
"FASY_04",2024-07-11 09:40:00,2024-07-11 09:05:00,35820,35,"35",NA,35,NA,"2024","2",1440
"FASY_04",2024-07-11 17:40:00,2024-07-11 13:38:00,28800,242,"37",NA,37,NA,"2024","2",1920
"FASY_04",2024-07-11 18:26:00,2024-07-11 17:49:00,2760,37,"41",NA,41,NA,"2024","2",1966
"FASY_04",2024-07-12 09:57:00,2024-07-12 09:12:00,55860,45,"49",NA,49,NA,"2024","2",2897
"FASY_04",2024-07-12 12:48:00,2024-07-12 12:10:00,10260,38,"59",NA,59,NA,"2024","2",3068
"FASY_04",2024-07-12 16:32:00,2024-07-12 15:05:00,13440,87,"61",NA,61,NA,"2024","2",3292
"FREX_05",2024-07-10 09:48:00,2024-07-10 09:10:00,NA,38,NA,NA,9.3,"time in cavicam is wrong, synchronize with 06
20231127-034531 start time","2024","2",0
"FREX_05",2024-07-10 10:28:00,2024-07-10 09:55:00,2400,33,NA,NA,7.1,"cav13","2024","2",40
"FREX_05",2024-07-10 12:23:00,2024-07-10 11:28:00,6900,55,NA,NA,15.7,NA,"2024","2",155
"FREX_05",2024-07-10 13:07:00,2024-07-10 12:32:00,2640,35,NA,NA,20,NA,"2024","2",199
"FREX_05",2024-07-10 14:46:00,2024-07-10 14:12:00,5940,34,NA,NA,NA,"strong bubbles at 6.3","2024","2",298
"FREX_05",2024-07-10 16:47:00,2024-07-10 16:12:00,7260,35,NA,NA,23,"28","2024","2",419
"FREX_05",2024-07-10 19:38:00,2024-07-10 19:00:00,10260,38,NA,NA,31,NA,"2024","2",590
"FREX_05",2024-07-10 23:47:00,2024-07-10 23:15:00,14940,32,NA,NA,33,NA,"2024","2",839
"FREX_05",2024-07-11 09:42:00,2024-07-11 09:05:00,35700,37,NA,NA,32,NA,"2024","2",1434
"FREX_05",2024-07-11 17:43:00,2024-07-11 13:38:00,28860,245,NA,NA,33,NA,"2024","2",1915
"FREX_05",2024-07-11 18:30:00,2024-07-11 17:49:00,2820,41,NA,NA,33.5,NA,"2024","2",1962
"FREX_05",2024-07-12 10:00:00,2024-07-12 09:12:00,55800,48,NA,NA,36.5,NA,"2024","2",2892
"FREX_05",2024-07-12 12:52:00,2024-07-12 12:10:00,10320,42,NA,NA,36.5,NA,"2024","2",3064
"FREX_05",2024-07-12 15:50:00,2024-07-12 15:05:00,10680,45,NA,NA,39,NA,"2024","2",3242
"FREX_05",2024-07-12 17:29:00,2024-07-12 16:58:00,5940,31,NA,NA,41,NA,"2024","2",3341
"FREX_05",2024-07-12 19:44:00,2024-07-12 19:15:00,8100,29,NA,NA,39,NA,"2024","2",3476
"FREX_05",2024-07-13 17:43:00,2024-07-13 17:20:00,79140,23,NA,NA,54.5,NA,"2024","2",4795
"FREX_06",2024-07-10 09:46:00,2024-07-10 09:10:00,NA,36,"18.3",NA,18.3,"8.1","2024","2",0
"FREX_06",2024-07-10 10:30:00,2024-07-10 09:55:00,2640,35,"23",NA,23,"cav17","2024","2",44
"FREX_06",2024-07-10 12:25:00,2024-07-10 11:28:00,6900,57,"26",NA,26,NA,"2024","2",159
"FREX_06",2024-07-10 13:10:00,2024-07-10 12:32:00,2700,38,"28",NA,28,NA,"2024","2",204
"FREX_06",2024-07-10 14:50:00,2024-07-10 14:12:00,6000,38,"29",NA,29,NA,"2024","2",304
"FREX_06",2024-07-10 16:50:00,2024-07-10 16:12:00,7200,38,"31",NA,31,"33","2024","2",424
"FREX_06",2024-07-10 19:41:00,2024-07-10 19:00:00,10260,41,"38",NA,38,NA,"2024","2",595
"FREX_06",2024-07-10 23:50:00,2024-07-10 23:15:00,14940,35,"39",NA,39,NA,"2024","2",844
"FREX_06",2024-07-11 09:44:00,2024-07-11 09:05:00,35640,39,"39",NA,39,NA,"2024","2",1438
"FREX_06",2024-07-11 17:47:00,2024-07-11 13:38:00,28980,249,"41",NA,41,NA,"2024","2",1921
"FREX_06",2024-07-11 18:33:00,2024-07-11 17:49:00,2760,44,"43",NA,43,NA,"2024","2",1967
"FREX_06",2024-07-12 10:03:00,2024-07-12 09:12:00,55800,51,"46.5",NA,46.5,NA,"2024","2",2897
"FREX_06",2024-07-12 12:58:00,2024-07-12 12:10:00,10500,48,"48.5",NA,48.5,NA,"2024","2",3072
"FREX_06",2024-07-12 15:58:00,2024-07-12 15:05:00,10800,53,"52",NA,52,NA,"2024","2",3252
"FREX_06",2024-07-12 17:33:00,2024-07-12 16:58:00,5700,35,"51",NA,51,NA,"2024","2",3347
"FREX_06",2024-07-12 19:50:00,2024-07-12 19:15:00,8220,35,"58",NA,58,NA,"2024","2",3484
"FREX_06",2024-07-13 17:43:00,2024-07-13 17:20:00,78780,23,"66",NA,66,NA,"2024","2",4797
"FREX_07",2024-07-10 09:44:00,2024-07-10 09:10:00,NA,34,"4.9",NA,4.9,"cav14","2024","2",0
"FREX_07",2024-07-10 10:32:00,2024-07-10 09:55:00,2880,37,"5.4",NA,5.4,NA,"2024","2",48
"FREX_07",2024-07-10 12:27:00,2024-07-10 11:28:00,6900,59,"12.5",NA,12.5,NA,"2024","2",163
"FREX_07",2024-07-10 13:12:00,2024-07-10 12:32:00,2700,40,"19",NA,19,"first at 12.3","2024","2",208
"FREX_07",2024-07-10 14:53:00,2024-07-10 14:12:00,6060,41,"22",NA,22,"9.6","2024","2",309
"FREX_07",2024-07-10 16:53:00,2024-07-10 16:12:00,7200,41,"25",NA,25,NA,"2024","2",429
"FREX_07",2024-07-10 19:43:00,2024-07-10 19:00:00,10200,43,"28",NA,28,"25","2024","2",599
"FREX_07",2024-07-10 23:53:00,2024-07-10 23:15:00,15000,38,"28",NA,28,NA,"2024","2",849
"FREX_07",2024-07-11 09:47:00,2024-07-11 09:05:00,35640,42,"27",NA,27,NA,"2024","2",1443
"FREX_07",2024-07-11 17:50:00,2024-07-11 13:38:00,28980,252,"30",NA,30,NA,"2024","2",1926
"FREX_07",2024-07-11 18:33:00,2024-07-11 17:49:00,2580,44,"31",NA,31,NA,"2024","2",1969
"FREX_07",2024-07-12 10:07:00,2024-07-12 09:12:00,56040,55,"32",NA,32,NA,"2024","2",2903
"FREX_07",2024-07-12 13:03:00,2024-07-12 12:10:00,10560,53,"33",NA,33,NA,"2024","2",3079
"FREX_07",2024-07-12 15:54:00,2024-07-12 15:05:00,10260,49,"35",NA,35,NA,"2024","2",3250
"FREX_07",2024-07-12 17:38:00,2024-07-12 16:58:00,6240,40,"36",NA,36,NA,"2024","2",3354
"FREX_07",2024-07-12 19:55:00,2024-07-12 19:15:00,8220,40,"37",NA,37,NA,"2024","2",3491
"FREX_07",2024-07-13 17:43:00,2024-07-13 17:20:00,78480,23,"45.5",NA,45.5,NA,"2024","2",4799
"FREX_07",2024-07-14 13:03:00,2024-07-14 13:50:00,69600,-47,"55",NA,55,NA,"2024","2",5959
"FREX_07",2024-07-15 12:55:00,2024-07-15 12:35:00,85920,20,"60",NA,60,NA,"2024","2",7391
"FREX_08",2024-07-10 09:42:00,2024-07-10 09:10:00,NA,32,"22",NA,22,"4.8","2024","2",0
"FREX_08",2024-07-10 10:34:00,2024-07-10 09:55:00,3120,39,"25",NA,25,"4.5","2024","2",52
"FREX_08",2024-07-10 12:29:00,2024-07-10 11:28:00,6900,61,NA,NA,NA,"5.5 sic!","2024","2",167
"FREX_08",2024-07-10 13:14:00,2024-07-10 12:32:00,2700,42,"30",NA,30,"cav4","2024","2",212
"FREX_08",2024-07-10 14:56:00,2024-07-10 14:12:00,6120,44,"30",NA,30,NA,"2024","2",314
"FREX_08",2024-07-10 16:56:00,2024-07-10 16:12:00,7200,44,"34",NA,34,NA,"2024","2",434
"FREX_08",2024-07-10 19:45:00,2024-07-10 19:00:00,10140,45,"38",NA,38,NA,"2024","2",603
"FREX_08",2024-07-10 23:56:00,2024-07-10 23:15:00,15060,41,"39",NA,39,NA,"2024","2",854
"FREX_08",2024-07-11 09:50:00,2024-07-11 09:05:00,35640,45,"38",NA,38,NA,"2024","2",1448
"FREX_08",2024-07-11 17:52:00,2024-07-11 13:38:00,28920,254,"39",NA,39,NA,"2024","2",1930
"FREX_08",2024-07-11 18:36:00,2024-07-11 17:49:00,2640,47,"44",NA,44,NA,"2024","2",1974
"FREX_08",2024-07-12 10:12:00,2024-07-12 09:12:00,56160,60,"46.5",NA,46.5,NA,"2024","2",2910
"FREX_08",2024-07-12 13:08:00,2024-07-12 12:10:00,10560,58,"52",NA,52,NA,"2024","2",3086
"FREX_08",2024-07-12 16:22:00,2024-07-12 15:05:00,11640,77,"59",NA,59,"very wilted","2024","2",3280
"FREX_08",2024-07-12 17:40:00,2024-07-12 16:58:00,4680,42,NA,NA,NA,"40+, too much air escaping","2024","2",3358
"FASY_01",2024-08-14 09:24:00,2024-08-14 09:00:00,NA,24,"5.9",NA,5.9,NA,"2024","3",0
"FASY_01",2024-08-14 10:09:00,2024-08-14 09:40:00,2700,29,"15.1",NA,15.1,NA,"2024","3",45
"FASY_01",2024-08-14 10:50:00,2024-08-14 10:25:00,2460,25,"19.5",NA,19.5,NA,"2024","3",86
"FASY_01",2024-08-14 12:06:00,2024-08-14 11:23:00,4560,43,"24",NA,24,NA,"2024","3",162
"FASY_01",2024-08-14 13:06:00,2024-08-14 12:28:00,3600,38,"25.7",NA,25.7,NA,"2024","3",222
"FASY_01",2024-08-14 14:08:00,2024-08-14 13:27:00,3720,41,"27.9",NA,27.9,NA,"2024","3",284
"FASY_01",2024-08-14 15:06:00,2024-08-14 14:29:00,3480,37,"28.7",NA,28.7,NA,"2024","3",342
"FASY_01",2024-08-14 16:34:00,2024-08-14 16:07:00,5280,27,"34.4",NA,34.4,NA,"2024","3",430
"FASY_01",2024-08-14 18:10:00,2024-08-14 17:30:00,5760,40,"38.2",NA,38.2,NA,"2024","3",526
"FASY_01",2024-08-14 19:35:00,2024-08-14 19:00:00,5100,35,"45.2",NA,45.2,NA,"2024","3",611
"FASY_01",2024-08-14 23:10:00,2024-08-14 21:15:00,12900,115,"48.2",NA,48.2,NA,"2024","3",826
"FASY_01",2024-08-14 23:30:00,2024-08-14 23:05:00,1200,25,"63.4",NA,63.4,NA,"2024","3",846
"FASY_01",2024-08-15 09:30:00,2024-08-15 09:00:00,36000,30,"63",NA,63,NA,"2024","3",1446
"FASY_01",2024-08-15 12:38:00,2024-08-15 11:50:00,11280,48,"65.5",NA,65.5,NA,"2024","3",1634
"FASY_02",2024-08-14 09:26:00,2024-08-14 09:00:00,NA,26,"1.8",NA,1.8,NA,"2024","3",0
"FASY_02",2024-08-14 10:17:00,2024-08-14 09:40:00,3060,37,"3",NA,3,NA,"2024","3",51
"FASY_02",2024-08-14 10:53:00,2024-08-14 10:25:00,2160,28,"4.8",NA,4.8,NA,"2024","3",87
"FASY_02",2024-08-14 12:08:00,2024-08-14 11:23:00,4500,45,"11.7",NA,11.7,NA,"2024","3",162
"FASY_02",2024-08-14 13:08:00,2024-08-14 12:28:00,3600,40,"15.3",NA,15.3,NA,"2024","3",222
"FASY_02",2024-08-14 14:10:00,2024-08-14 13:27:00,3720,43,"18.3",NA,18.3,NA,"2024","3",284
"FASY_02",2024-08-14 15:08:00,2024-08-14 14:29:00,3480,39,"20",NA,20,NA,"2024","3",342
"FASY_02",2024-08-14 16:37:00,2024-08-14 16:07:00,5340,30,"25.1",NA,25.1,NA,"2024","3",431
"FASY_02",2024-08-14 18:12:00,2024-08-14 17:30:00,5700,42,"28.5",NA,28.5,NA,"2024","3",526
"FASY_02",2024-08-14 19:48:00,2024-08-14 19:00:00,5760,48,"30",NA,30,NA,"2024","3",622
"FASY_02",2024-08-14 23:27:00,2024-08-14 21:15:00,13140,132,"34.1",NA,34.1,NA,"2024","3",841
"FASY_02",2024-08-14 23:48:00,2024-08-14 23:05:00,1260,43,"39.9",NA,39.9,NA,"2024","3",862
"FASY_02",2024-08-15 09:38:00,2024-08-15 09:00:00,35400,38,"54",NA,54,NA,"2024","3",1452
"FASY_02",2024-08-15 12:40:00,2024-08-15 11:50:00,10920,50,"60.7",NA,60.7,NA,"2024","3",1634
"FASY_02",2024-08-15 14:37:00,2024-08-15 13:50:00,7020,47,NA,"70+",NA,NA,"2024","3",1751
"FASY_03",2024-08-14 09:27:00,2024-08-14 09:00:00,NA,27,"6.2",NA,6.2,NA,"2024","3",0
"FASY_03",2024-08-14 10:03:00,2024-08-14 09:40:00,2160,23,"6.3",NA,6.3,NA,"2024","3",36
"FASY_03",2024-08-14 10:57:00,2024-08-14 10:25:00,3240,32,"15.7",NA,15.7,NA,"2024","3",90
"FASY_03",2024-08-14 12:11:00,2024-08-14 11:23:00,4440,48,"20",NA,20,NA,"2024","3",164
"FASY_03",2024-08-14 13:10:00,2024-08-14 12:28:00,3540,42,"25.8",NA,25.8,NA,"2024","3",223
"FASY_03",2024-08-14 14:13:00,2024-08-14 13:27:00,3780,46,"26.7",NA,26.7,NA,"2024","3",286
"FASY_03",2024-08-14 15:11:00,2024-08-14 14:29:00,3480,42,"29.5",NA,29.5,NA,"2024","3",344
"FASY_03",2024-08-14 16:40:00,2024-08-14 16:07:00,5340,33,"44.8",NA,44.8,NA,"2024","3",433
"FASY_03",2024-08-14 18:14:00,2024-08-14 17:30:00,5640,44,"54.5",NA,54.5,NA,"2024","3",527
"FASY_03",2024-08-14 19:45:00,2024-08-14 19:00:00,5460,45,"73",NA,73,NA,"2024","3",618
"FASY_03",2024-08-14 23:24:00,2024-08-14 21:15:00,13140,129,"59",NA,59,NA,"2024","3",837
"FASY_03",2024-08-14 23:38:00,2024-08-14 23:05:00,840,33,"63",NA,63,NA,"2024","3",851
"FASY_03",2024-08-15 09:45:00,2024-08-15 09:00:00,36420,45,"67",NA,67,NA,"2024","3",1458
"FASY_04",2024-08-14 09:29:00,2024-08-14 09:00:00,NA,29,"2.3",NA,2.3,NA,"2024","3",0
"FASY_04",2024-08-14 10:07:00,2024-08-14 09:40:00,2280,27,"2.3","3.8",2.3,NA,"2024","3",38
"FASY_04",2024-08-14 11:06:00,2024-08-14 10:25:00,3540,41,"8.6",NA,8.6,NA,"2024","3",97
"FASY_04",2024-08-14 12:14:00,2024-08-14 11:23:00,4080,51,"15.9",NA,15.9,NA,"2024","3",165
"FASY_04",2024-08-14 13:13:00,2024-08-14 12:28:00,3540,45,"20.5",NA,20.5,NA,"2024","3",224
"FASY_04",2024-08-14 14:15:00,2024-08-14 13:27:00,3720,48,"25",NA,25,NA,"2024","3",286
"FASY_04",2024-08-14 15:14:00,2024-08-14 14:29:00,3540,45,"26.8",NA,26.8,NA,"2024","3",345
"FASY_04",2024-08-14 16:43:00,2024-08-14 16:07:00,5340,36,"30.6",NA,30.6,NA,"2024","3",434
"FASY_04",2024-08-14 18:16:00,2024-08-14 17:30:00,5580,46,"34.8",NA,34.8,NA,"2024","3",527
"FASY_04",2024-08-14 19:48:00,2024-08-14 19:00:00,5520,48,"36.6",NA,36.6,NA,"2024","3",619
"FASY_04",2024-08-14 23:27:00,2024-08-14 21:15:00,13140,132,"41.6",NA,41.6,NA,"2024","3",838
"FASY_04",2024-08-14 23:48:00,2024-08-14 23:05:00,1260,43,"47.2",NA,47.2,NA,"2024","3",859
"FASY_04",2024-08-15 09:50:00,2024-08-15 09:00:00,36120,50,"51",NA,51,NA,"2024","3",1461
"FASY_04",2024-08-15 12:40:00,2024-08-15 11:50:00,10200,50,"63.6",NA,63.6,NA,"2024","3",1631
"FREX_05",2024-08-14 09:10:00,2024-08-14 08:45:00,NA,25,"21.8",NA,21.8,"8.1","2024","3",0
"FREX_05",2024-08-14 09:48:00,2024-08-14 09:20:00,2280,28,"21.9",NA,21.9,NA,"2024","3",38
"FREX_05",2024-08-14 11:09:00,2024-08-14 10:30:00,4860,39,"23.5",NA,23.5,NA,"2024","3",119
"FREX_05",2024-08-14 12:17:00,2024-08-14 11:23:00,4080,54,"27.9",NA,27.9,NA,"2024","3",187
"FREX_05",2024-08-14 13:15:00,2024-08-14 12:28:00,3480,47,"28.3",NA,28.3,NA,"2024","3",245
"FREX_05",2024-08-14 14:18:00,2024-08-14 13:27:00,3780,51,"30.2",NA,30.2,NA,"2024","3",308
"FREX_05",2024-08-14 15:17:00,2024-08-14 14:29:00,3540,48,"32.5",NA,32.5,NA,"2024","3",367
"FREX_05",2024-08-14 16:47:00,2024-08-14 16:07:00,5400,40,"30.9",NA,30.9,NA,"2024","3",457
"FREX_05",2024-08-14 18:18:00,2024-08-14 17:30:00,5460,48,"37.2",NA,37.2,NA,"2024","3",548
"FREX_05",2024-08-14 19:48:00,2024-08-14 19:00:00,5400,48,"36.3",NA,36.3,NA,"2024","3",638
"FREX_05",2024-08-14 23:20:00,2024-08-14 21:15:00,12720,125,"40.2",NA,40.2,NA,"2024","3",850
"FREX_05",2024-08-14 23:44:00,2024-08-14 23:05:00,1440,39,"39",NA,39,NA,"2024","3",874
"FREX_05",2024-08-15 09:45:00,2024-08-15 09:00:00,36060,45,"43",NA,43,NA,"2024","3",1475
"FREX_05",2024-08-15 12:47:00,2024-08-15 11:50:00,10920,57,"49",NA,49,NA,"2024","3",1657
"FREX_05",2024-08-15 14:42:00,2024-08-15 13:50:00,6900,52,"56","55",56,NA,"2024","3",1772
"FREX_05",2024-08-15 16:15:00,2024-08-15 15:50:00,5580,25,"59.5","45",59.5,NA,"2024","3",1865
"FREX_06",2024-08-14 09:13:00,2024-08-14 08:45:00,NA,28,"25",NA,25,NA,"2024","3",0
"FREX_06",2024-08-14 09:50:00,2024-08-14 09:20:00,2220,30,"27.7",NA,27.7,NA,"2024","3",37
"FREX_06",2024-08-14 11:12:00,2024-08-14 10:30:00,4920,42,"33.5",NA,33.5,NA,"2024","3",119
"FREX_06",2024-08-14 12:20:00,2024-08-14 11:23:00,4080,57,"34.799999999999997",NA,34.8,NA,"2024","3",187
"FREX_06",2024-08-14 13:18:00,2024-08-14 12:28:00,3480,50,"37.9",NA,37.9,NA,"2024","3",245
"FREX_06",2024-08-14 14:21:00,2024-08-14 13:27:00,3780,54,"40.6",NA,40.6,NA,"2024","3",308
"FREX_06",2024-08-14 15:20:00,2024-08-14 14:29:00,3540,51,"43",NA,43,NA,"2024","3",367
"FREX_06",2024-08-14 16:50:00,2024-08-14 16:07:00,5400,43,"49",NA,49,NA,"2024","3",457
"FREX_06",2024-08-14 18:20:00,2024-08-14 17:30:00,5400,50,"55.5",NA,55.5,NA,"2024","3",547
"FREX_06",2024-08-14 19:44:00,2024-08-14 19:00:00,5040,44,"71",NA,71,NA,"2024","3",631
"FREX_06",2024-08-14 23:23:00,2024-08-14 21:15:00,13140,128,"70+",NA,NA,NA,"2024","3",850
"FREX_07",2024-08-14 09:17:00,2024-08-14 08:45:00,NA,32,"11.6",NA,11.6,NA,"2024","3",0
"FREX_07",2024-08-14 09:52:00,2024-08-14 09:20:00,2100,32,"12.4",NA,12.4,NA,"2024","3",35
"FREX_07",2024-08-14 11:15:00,2024-08-14 10:25:00,4980,50,"15.8","21.6",15.8,NA,"2024","3",118
"FREX_07",2024-08-14 12:23:00,2024-08-14 11:23:00,4080,60,"20",NA,20,NA,"2024","3",186
"FREX_07",2024-08-14 13:21:00,2024-08-14 12:28:00,3480,53,"22.5",NA,22.5,"26","2024","3",244
"FREX_07",2024-08-14 14:24:00,2024-08-14 13:27:00,3780,57,"27.5",NA,27.5,NA,"2024","3",307
"FREX_07",2024-08-14 15:24:00,2024-08-14 14:29:00,3600,55,"31.1",NA,31.1,NA,"2024","3",367
"FREX_07",2024-08-14 16:53:00,2024-08-14 16:07:00,5340,46,"35.3",NA,35.3,NA,"2024","3",456
"FREX_07",2024-08-14 18:23:00,2024-08-14 17:30:00,5400,53,"35.8",NA,35.8,NA,"2024","3",546
"FREX_07",2024-08-14 19:48:00,2024-08-14 19:00:00,5100,48,"38.7",NA,38.7,NA,"2024","3",631
"FREX_07",2024-08-14 23:27:00,2024-08-14 21:15:00,13140,132,"41.2",NA,41.2,NA,"2024","3",850
"FREX_07",2024-08-14 23:48:00,2024-08-14 23:05:00,1260,43,"40.3",NA,40.3,NA,"2024","3",871
"FREX_07",2024-08-15 09:50:00,2024-08-15 09:00:00,36120,50,"49",NA,49,NA,"2024","3",1473
"FREX_07",2024-08-15 12:49:00,2024-08-15 11:50:00,10740,59,"53.6",NA,53.6,NA,"2024","3",1652
"FREX_07",2024-08-15 14:39:00,2024-08-15 13:50:00,6600,49,"57","53",57,NA,"2024","3",1762
"FREX_07",2024-08-15 16:13:00,2024-08-15 15:50:00,5640,23,"62.5",NA,62.5,NA,"2024","3",1856
"FREX_08",2024-08-14 09:20:00,2024-08-14 08:45:00,NA,35,"24",NA,24,NA,"2024","3",0
"FREX_08",2024-08-14 09:54:00,2024-08-14 09:20:00,2040,34,"24.2",NA,24.2,NA,"2024","3",34
"FREX_08",2024-08-14 11:18:00,2024-08-14 10:25:00,5040,53,"27.1",NA,27.1,NA,"2024","3",118
"FREX_08",2024-08-14 12:26:00,2024-08-14 11:23:00,4080,63,"28.5",NA,28.5,NA,"2024","3",186
"FREX_08",2024-08-14 13:24:00,2024-08-14 12:28:00,3480,56,"29.3",NA,29.3,NA,"2024","3",244
"FREX_08",2024-08-14 14:27:00,2024-08-14 13:27:00,3780,60,"29","30.4",29,NA,"2024","3",307
"FREX_08",2024-08-14 15:27:00,2024-08-14 14:29:00,3600,58,"32.6",NA,32.6,NA,"2024","3",367
"FREX_08",2024-08-14 16:58:00,2024-08-14 16:07:00,5460,51,"34",NA,34,NA,"2024","3",458
"FREX_08",2024-08-14 18:27:00,2024-08-14 17:30:00,5340,57,"37.2",NA,37.2,NA,"2024","3",547
"FREX_08",2024-08-14 19:51:00,2024-08-14 19:00:00,5040,51,"40",NA,40,NA,"2024","3",631
"FREX_08",2024-08-14 23:30:00,2024-08-14 21:15:00,13140,135,"46.4",NA,46.4,NA,"2024","3",850
"FREX_08",2024-08-14 23:51:00,2024-08-14 23:05:00,1260,46,"47","42",47,NA,"2024","3",871
"FREX_08",2024-08-15 09:50:00,2024-08-15 09:00:00,35940,50,NA,"75+",75,"leaves wilted","2024","3",1470
"FASY_01",2024-09-24 09:35:00,2024-09-24 09:15:00,NA,20,"2.4",NA,2.4,NA,"2024","4",0
"FASY_01",2024-09-24 10:24:00,2024-09-24 09:51:00,2940,33,"3.1",NA,3.1,NA,"2024","4",49
"FASY_01",2024-09-24 11:10:00,2024-09-24 10:49:00,2760,21,"3.6",NA,3.6,NA,"2024","4",95
"FASY_01",2024-09-24 12:56:00,2024-09-24 12:14:00,6360,42,"10.8",NA,10.8,NA,"2024","4",201
"FASY_01",2024-09-24 14:12:00,2024-09-24 13:07:00,4560,65,"16.6",NA,16.6,NA,"2024","4",277
"FASY_01",2024-09-24 15:03:00,2024-09-24 14:20:00,3060,43,"22.4",NA,22.4,NA,"2024","4",328
"FASY_01",2024-09-24 16:14:00,2024-09-24 15:50:00,4260,24,"26.5",NA,26.5,NA,"2024","4",399
"FASY_01",2024-09-24 17:22:00,2024-09-24 16:57:00,4080,25,"31.2",NA,31.2,NA,"2024","4",467
"FASY_01",2024-09-24 18:22:00,2024-09-24 17:57:00,3600,25,"35.4",NA,35.4,NA,"2024","4",527
"FASY_01",2024-09-24 19:23:00,2024-09-24 19:05:00,3660,18,"38.7",NA,38.7,NA,"2024","4",588
"FASY_01",2024-09-24 22:48:00,2024-09-24 19:45:00,12300,183,"40",NA,40,NA,"2024","4",793
"FASY_01",2024-09-24 23:01:00,2024-09-24 22:45:00,780,16,"46.2",NA,46.2,NA,"2024","4",806
"FASY_01",2024-09-25 09:29:00,2024-09-25 09:03:00,37680,26,NA,NA,NA,">80","2024","4",1434
"FASY_01",2024-09-25 10:42:00,2024-09-25 09:37:00,4380,65,NA,NA,NA,"56?","2024","4",1507
"FASY_02",2024-09-24 09:36:00,2024-09-24 09:15:00,NA,21,"2.1",NA,2.1,NA,"2024","4",0
"FASY_02",2024-09-24 10:22:00,2024-09-24 09:51:00,2760,31,"4.3",NA,4.3,NA,"2024","4",46
"FASY_02",2024-09-24 11:12:00,2024-09-24 10:49:00,3000,23,"4",NA,4,NA,"2024","4",96
"FASY_02",2024-09-24 12:56:00,2024-09-24 12:14:00,6240,42,"5.9",NA,5.9,NA,"2024","4",200
"FASY_02",2024-09-24 14:14:00,2024-09-24 13:07:00,4680,67,"11.2",NA,11.2,NA,"2024","4",278
"FASY_02",2024-09-24 15:05:00,2024-09-24 14:20:00,3060,45,"18.2",NA,18.2,NA,"2024","4",329
"FASY_02",2024-09-24 16:14:00,2024-09-24 15:50:00,4140,24,"25",NA,25,NA,"2024","4",398
"FASY_02",2024-09-24 17:23:00,2024-09-24 16:57:00,4140,26,"27.4",NA,27.4,NA,"2024","4",467
"FASY_02",2024-09-24 18:23:00,2024-09-24 17:57:00,3600,26,"33.4",NA,33.4,NA,"2024","4",527
"FASY_02",2024-09-24 19:24:00,2024-09-24 19:05:00,3660,19,"32.1",NA,32.1,NA,"2024","4",588
"FASY_02",2024-09-24 22:50:00,2024-09-24 19:45:00,12360,185,"41.1",NA,41.1,NA,"2024","4",794
"FASY_02",2024-09-24 23:04:00,2024-09-24 22:45:00,840,19,"42.3",NA,42.3,NA,"2024","4",808
"FASY_02",2024-09-25 09:38:00,2024-09-25 09:03:00,38040,35,"73",NA,73,">80","2024","4",1442
"FASY_03",2024-09-24 09:37:00,2024-09-24 09:15:00,NA,22,"2.5",NA,2.5,NA,"2024","4",0
"FASY_03",2024-09-24 10:26:00,2024-09-24 09:51:00,2940,35,"4.5",NA,4.5,NA,"2024","4",49
"FASY_03",2024-09-24 11:15:00,2024-09-24 10:49:00,2940,26,"5.3",NA,5.3,NA,"2024","4",98
"FASY_03",2024-09-24 12:56:00,2024-09-24 12:14:00,6060,42,"17.2",NA,17.2,NA,"2024","4",199
"FASY_03",2024-09-24 14:16:00,2024-09-24 13:07:00,4800,69,"21.2",NA,21.2,NA,"2024","4",279
"FASY_03",2024-09-24 15:07:00,2024-09-24 14:20:00,3060,47,"24.9",NA,24.9,NA,"2024","4",330
"FASY_03",2024-09-24 16:14:00,2024-09-24 15:50:00,4020,24,"31.1",NA,31.1,NA,"2024","4",397
"FASY_03",2024-09-24 17:25:00,2024-09-24 16:57:00,4260,28,"36.8",NA,36.8,NA,"2024","4",468
"FASY_03",2024-09-24 18:25:00,2024-09-24 17:57:00,3600,28,NA,"36.7",NA,"air escaping, psi could be higher","2024","4",528
"FASY_03",2024-09-24 19:27:00,2024-09-24 19:05:00,3720,22,"41.4",NA,41.4,NA,"2024","4",590
"FASY_03",2024-09-24 22:55:00,2024-09-24 19:45:00,12480,190,NA,"64",NA,NA,"2024","4",798
"FASY_03",2024-09-24 23:20:00,2024-09-24 22:07:00,1500,73,"47",NA,47,NA,"2024","4",823
"FASY_03",2024-09-25 09:45:00,2024-09-25 09:03:00,37500,42,"75",NA,75,NA,"2024","4",1448
"FASY_04",2024-09-24 09:39:00,2024-09-24 09:15:00,NA,24,"0.9",NA,0.9,NA,"2024","4",0
"FASY_04",2024-09-24 10:28:00,2024-09-24 09:51:00,2940,37,"2.4",NA,2.4,NA,"2024","4",49
"FASY_04",2024-09-24 11:17:00,2024-09-24 10:49:00,2940,28,"3.2",NA,3.2,NA,"2024","4",98
"FASY_04",2024-09-24 12:56:00,2024-09-24 12:14:00,5940,42,"16.2",NA,16.2,NA,"2024","4",197
"FASY_04",2024-09-24 14:18:00,2024-09-24 13:07:00,4920,71,"20.5",NA,20.5,NA,"2024","4",279
"FASY_04",2024-09-24 15:09:00,2024-09-24 14:20:00,3060,49,"25.4",NA,25.4,NA,"2024","4",330
"FASY_04",2024-09-24 16:14:00,2024-09-24 15:50:00,3900,24,"31",NA,31,NA,"2024","4",395
"FASY_04",2024-09-24 17:27:00,2024-09-24 16:57:00,4380,30,"34.7",NA,34.7,NA,"2024","4",468
"FASY_04",2024-09-24 18:25:00,2024-09-24 17:57:00,3480,28,"37.9",NA,37.9,NA,"2024","4",526
"FASY_04",2024-09-24 19:27:00,2024-09-24 19:05:00,3720,22,"43.5",NA,43.5,NA,"2024","4",588
"FASY_04",2024-09-24 22:58:00,2024-09-24 19:45:00,12660,193,NA,"53.8",NA,NA,"2024","4",799
"FASY_04",2024-09-24 23:09:00,2024-09-24 22:45:00,660,24,"51.3",NA,51.3,NA,"2024","4",810
"FASY_04",2024-09-25 09:45:00,2024-09-25 09:03:00,38160,42,NA,NA,NA,">80","2024","4",1446
"FASY_04",2024-09-25 10:45:00,2024-09-25 09:50:00,3600,55,"65",NA,NA,"slightly wet at 65, but not very clear","2024","4",1506
"FREX_05",2024-09-24 09:40:00,2024-09-24 09:15:00,NA,25,"11.4","4.7",11.4,"early bubbles","2024","4",0
"FREX_05",2024-09-24 10:30:00,2024-09-24 09:51:00,3000,39,"18","5.8",18,"early bubbles","2024","4",50
"FREX_05",2024-09-24 11:20:00,2024-09-24 10:49:00,3000,31,NA,"5.3",NA,"early bubbles","2024","4",100
"FREX_05",2024-09-24 11:45:00,2024-09-24 11:55:00,1500,-10,"41",NA,41,NA,"2024","4",125
"FREX_05",2024-09-24 13:30:00,2024-09-24 12:55:00,6300,35,"44.9","22",44.9,"strong bubbles at 10, 15, 22, 28","2024","4",230
"FREX_05",2024-09-24 14:42:00,2024-09-24 14:00:00,4320,42,"50.2",NA,50.2,"strong bubbles at 8","2024","4",302
"FREX_05",2024-09-24 15:20:00,2024-09-24 14:50:00,2280,30,"53.6",NA,53.6,"strong bubbles at 15","2024","4",340
"FREX_05",2024-09-24 16:22:00,2024-09-24 15:50:00,3720,32,"64","56",64,">56","2024","4",402
"FREX_05",2024-09-24 17:34:00,2024-09-24 16:57:00,4320,37,"71",NA,71,NA,"2024","4",474
"FREX_05",2024-09-24 18:22:00,2024-09-24 17:57:00,2880,25,"75",NA,75,NA,"2024","4",522
"FREX_05",2024-09-24 19:35:00,2024-09-24 19:05:00,4380,30,NA,NA,NA,">80","2024","4",595
"FREX_06",2024-09-24 09:42:00,2024-09-24 09:15:00,NA,27,"7.4","6.6",7.4,NA,"2024","4",0
"FREX_06",2024-09-24 10:32:00,2024-09-24 09:51:00,3000,41,"18",NA,18,NA,"2024","4",50
"FREX_06",2024-09-24 11:23:00,2024-09-24 10:49:00,3060,34,"16.3",NA,16.3,NA,"2024","4",101
"FREX_06",2024-09-24 11:40:00,2024-09-24 11:55:00,1020,-15,"41","13.8",41,NA,"2024","4",118
"FREX_06",2024-09-24 13:35:00,2024-09-24 12:55:00,6900,40,"45",NA,45,NA,"2024","4",233
"FREX_06",2024-09-24 14:44:00,2024-09-24 14:00:00,4140,44,"54",NA,54,NA,"2024","4",302
"FREX_06",2024-09-24 15:25:00,2024-09-24 14:50:00,2460,35,"55.6",NA,55.6,NA,"2024","4",343
"FREX_06",2024-09-24 16:24:00,2024-09-24 15:50:00,3540,34,"59",NA,59,NA,"2024","4",402
"FREX_06",2024-09-24 17:37:00,2024-09-24 16:57:00,4380,40,NA,NA,NA,">70","2024","4",475
"FREX_06",2024-09-24 18:22:00,2024-09-24 17:57:00,2700,25,NA,NA,NA,">80","2024","4",520
"FREX_07",2024-09-24 09:45:00,2024-09-24 09:15:00,NA,30,"6.2",NA,6.2,NA,"2024","4",0
"FREX_07",2024-09-24 10:34:00,2024-09-24 09:51:00,2940,43,"14.5",NA,14.5,NA,"2024","4",49
"FREX_07",2024-09-24 11:27:00,2024-09-24 10:49:00,3180,38,"17.8",NA,17.8,NA,"2024","4",102
"FREX_07",2024-09-24 12:32:00,2024-09-24 11:55:00,3900,37,"39","13.8",39,NA,"2024","4",167
"FREX_07",2024-09-24 13:40:00,2024-09-24 12:55:00,4080,45,"38",NA,38,"very strong bubbles at 6, 12","2024","4",235
"FREX_07",2024-09-24 14:46:00,2024-09-24 14:00:00,3960,46,"41",NA,41,NA,"2024","4",301
"FREX_07",2024-09-24 15:29:00,2024-09-24 14:50:00,2580,39,"43",NA,43,NA,"2024","4",344
"FREX_07",2024-09-24 16:26:00,2024-09-24 15:50:00,3420,36,"48",NA,48,NA,"2024","4",401
"FREX_07",2024-09-24 17:40:00,2024-09-24 16:57:00,4440,43,"54",NA,54,"strong bubbling at 10","2024","4",475
"FREX_07",2024-09-24 19:12:00,2024-09-24 17:57:00,5520,75,NA,"54",NA,"air escaping","2024","4",567
"FREX_07",2024-09-24 19:35:00,2024-09-24 19:05:00,1380,30,"67",NA,67,NA,"2024","4",590
"FREX_07",2024-09-24 23:10:00,2024-09-24 22:45:00,12900,25,"72",NA,72,NA,"2024","4",805
"FREX_08",2024-09-24 09:48:00,2024-09-24 09:15:00,NA,33,NA,"6.6",6.6,NA,"2024","4",0
"FREX_08",2024-09-24 10:36:00,2024-09-24 09:51:00,2880,45,"14","6.7",14,NA,"2024","4",48
"FREX_08",2024-09-24 11:30:00,2024-09-24 10:49:00,3240,41,"33","7.5",33,"second sample, dried","2024","4",102
"FREX_08",2024-09-24 12:27:00,2024-09-24 11:55:00,3420,32,"Likely 30+","5.5",NA,"strong bubbling at 5,5 and 10,5","2024","4",159
"FREX_08",2024-09-24 13:50:00,2024-09-24 12:55:00,4980,55,"40","7.7",40,"strong bubbling at 7","2024","4",242
"FREX_08",2024-09-24 14:48:00,2024-09-24 14:00:00,3480,48,"45",NA,45,"strong bubbling at 11","2024","4",300
"FREX_08",2024-09-24 15:36:00,2024-09-24 14:50:00,2880,46,"48.5",NA,48.5,NA,"2024","4",348
"FREX_08",2024-09-24 16:40:00,2024-09-24 15:50:00,3840,50,"50",NA,50,NA,"2024","4",412
"FREX_08",2024-09-24 17:45:00,2024-09-24 16:57:00,3900,48,"51.7",NA,51.7,NA,"2024","4",477
"FREX_08",2024-09-24 19:10:00,2024-09-24 17:57:00,5100,73,"58.4",NA,58.4,NA,"2024","4",562
"FREX_08",2024-09-24 19:35:00,2024-09-24 19:05:00,1500,30,"64",NA,64,NA,"2024","4",587
"FREX_08",2024-09-24 23:16:00,2024-09-24 22:45:00,13260,31,"77",NA,77,NA,"2024","4",808
